model,string_conversions,feat_types,dataset,offsets,nfeat,accuracy,precision,recall,f1_score,auc_roc,mcc
lgbm,"('no_reduction',)","('counts', 'mat')",10-folds cv,"(2, 3)",820,0.788620199,0.714514652,0.7,0.699868873,0.873194139,0.544226112
lgbm,"('no_reduction',)","('counts', 'mat')",10-folds cv,"(1, 2, 3)",1220,0.783001422,0.702034044,0.707692308,0.699931294,0.862923993,0.535605719
lgbm,"('conform', 'no_reduction')","('counts', 'mat')",10-folds cv,"(1, 2, 3)",1374,0.799075391,0.745368455,0.691758242,0.707678771,0.859775641,0.565575618
lgbm,"('no_reduction', 'hydro')","('counts', 'mat')",10-folds cv,"(2, 3)",875,0.780369844,0.699310134,0.7,0.691956588,0.859352564,0.529540431
lgbm,"('no_reduction',)","('counts', 'mat', 'tfeat')",10-folds cv,"(1, 2, 3)",1235,0.770056899,0.690643107,0.656043956,0.668609939,0.858314103,0.497539923
lgbm,"('conform', 'no_reduction', 'hydro')","('counts', 'mat')",10-folds cv,"(1, 3)",980,0.777809388,0.690041698,0.699450549,0.689154269,0.85800641,0.522044223
lgbm,"('no_reduction',)","('counts', 'mat')",10-folds cv,"(1, 3)",820,0.785704125,0.702877613,0.7,0.699031076,0.856760989,0.535511701
lgbm,"('no_reduction',)","('counts', 'mat', 'tfeat')",10-folds cv,"(2, 3)",830,0.775462304,0.691245421,0.670879121,0.67531432,0.856538462,0.50947137
lgbm,"('no_reduction',)","('mat', 'tfeat', 'protvec')",10-folds cv,"(1, 2, 3)",1265,0.780369844,0.709411977,0.660989011,0.678434283,0.856131868,0.518393066
lgbm,"('no_reduction',)","('counts', 'mat')",10-folds cv,"(1, 2)",820,0.780654339,0.691744505,0.700549451,0.693468542,0.855870879,0.525664574
lgbm,"('no_reduction', 'hydro')","('counts', 'mat')",10-folds cv,"(1, 2, 3)",1300,0.78029872,0.700837912,0.684615385,0.687949097,0.854649267,0.523435872
lgbm,"('conform', 'no_reduction', 'hydro')","('counts', 'mat')",10-folds cv,"(1, 2, 3)",1454,0.777738265,0.698195277,0.685164835,0.686032165,0.853190476,0.519942358
lgbm,"('conform', 'no_reduction')","('counts', 'mat')",10-folds cv,"(1, 3)",925,0.764651494,0.672445887,0.655494505,0.658310637,0.852864469,0.485084854
lgbm,"('no_reduction',)","('mat',)",10-folds cv,"(1, 2, 3)",1200,0.806899004,0.782306582,0.648351648,0.70053728,0.851142857,0.573180444
lgbm,"('no_reduction',)","('mat', 'tfeat', 'protvec')",10-folds cv,"(2, 3)",860,0.769914651,0.703747576,0.639010989,0.660147258,0.851104396,0.497146366
lgbm,"('no_reduction', 'hydro')","('mat', 'tfeat')",10-folds cv,"(1, 2, 3)",1305,0.740825036,0.644807692,0.596703297,0.614142492,0.851026557,0.425728966
lgbm,"('conform', 'no_reduction', 'hydro')","('mat',)",10-folds cv,"(1, 3)",948,0.772190612,0.694217841,0.662087912,0.669006426,0.851003663,0.505126579
lgbm,"('no_reduction', 'hydro')","('counts', 'mat')",10-folds cv,"(1, 3)",875,0.78314367,0.690541126,0.721978022,0.703032265,0.850764652,0.535979642
lgbm,"('no_reduction', 'hydro')","('counts', 'mat')",10-folds cv,"(2,)",450,0.77254623,0.685915751,0.685164835,0.683717879,0.849852564,0.508120582
lgbm,"('no_reduction',)","('counts', 'mat', 'tfeat')",10-folds cv,"(1,)",425,0.786059744,0.711645022,0.679120879,0.69007152,0.849663919,0.532259961
lgbm,"('no_reduction', 'hydro')","('counts', 'mat', 'tfeat')",10-folds cv,"(1, 2, 3)",1330,0.775391181,0.693931485,0.66978022,0.677978208,0.848868132,0.509176045
lgbm,"('conform', 'no_reduction')","('counts', 'mat', 'tfeat')",10-folds cv,"(1, 2, 3)",1404,0.764722617,0.689420996,0.626373626,0.654048433,0.848083333,0.480244059
lgbm,"('no_reduction',)","('mat', 'tfeat')",10-folds cv,"(1, 2, 3)",1215,0.764793741,0.700357004,0.604945055,0.639926425,0.847265568,0.478110827
lgbm,"('no_reduction', 'hydro')","('mat',)",10-folds cv,"(1, 2)",850,0.783214794,0.733886114,0.635164835,0.67848879,0.846983516,0.521735473
lgbm,"('no_reduction',)","('counts', 'mat')",10-folds cv,"(2,)",420,0.762091038,0.66850593,0.678021978,0.670612995,0.846809524,0.48712391
lgbm,"('no_reduction',)","('mat', 'protvec')",10-folds cv,"(2, 3)",850,0.756970128,0.683237865,0.618131868,0.641630906,0.845727106,0.466709797
lgbm,"('no_reduction', 'hydro')","('mat',)",10-folds cv,"(1, 2, 3)",1275,0.772403983,0.709951299,0.633516484,0.661391689,0.84565293,0.500684483
lgbm,"('no_reduction', 'hydro')","('counts', 'mat', 'tfeat')",10-folds cv,"(2, 3)",895,0.777951636,0.703476801,0.670879121,0.679330502,0.845516484,0.517562652
lgbm,"('no_reduction',)","('counts', 'mat', 'tfeat')",10-folds cv,"(1, 2)",830,0.759317212,0.667012228,0.656593407,0.657100164,0.84528663,0.477196423
lgbm,"('conform', 'no_reduction')","('mat',)",10-folds cv,"(1, 3)",898,0.76970128,0.688451548,0.647802198,0.664027711,0.845041209,0.493441544
lgbm,"('conform', 'no_reduction')","('mat', 'protvec')",10-folds cv,"(1, 2, 3)",1497,0.769985775,0.68878996,0.66978022,0.676196918,0.844534799,0.501240387
lgbm,"('no_reduction', 'hydro')","('counts', 'mat')",10-folds cv,"(3,)",450,0.772475107,0.680160256,0.685164835,0.679499811,0.844508242,0.506652832
lgbm,"('conform', 'no_reduction', 'hydro')","('counts', 'mat')",10-folds cv,"(2,)",506,0.783214794,0.710677656,0.671428571,0.68606846,0.844313187,0.525962645
lgbm,"('conform', 'no_reduction')","('counts', 'mat')",10-folds cv,"(2, 3)",925,0.770199147,0.695077839,0.656593407,0.666758182,0.844216117,0.500495129
lgbm,"('no_reduction', 'hydro')","('mat', 'tfeat', 'protvec')",10-folds cv,"(1, 2, 3)",1655,0.74886202,0.66566534,0.604395604,0.618645138,0.844062271,0.447355559
lgbm,"('conform', 'no_reduction')","('counts', 'mat', 'tfeat')",10-folds cv,"(2,)",486,0.770056899,0.684708037,0.671978022,0.671938438,0.84357967,0.502165927
lgbm,"('no_reduction', 'hydro')","('mat',)",10-folds cv,"(1, 3)",850,0.78029872,0.716470196,0.654945055,0.678125356,0.843225275,0.518929582
lgbm,"('conform', 'no_reduction')","('counts', 'mat')",10-folds cv,"(1, 2)",925,0.769985775,0.67831377,0.66978022,0.670476104,0.843160256,0.497536204
lgbm,"('conform', 'no_reduction', 'hydro')","('counts', 'mat')",10-folds cv,"(3,)",506,0.754054054,0.65388217,0.664285714,0.653517747,0.842984432,0.46950779
lgbm,"('no_reduction', 'hydro')","('counts', 'mat', 'tfeat')",10-folds cv,"(1,)",460,0.772617354,0.690639361,0.663736264,0.674741555,0.842699634,0.502732387
lgbm,"('conform', 'no_reduction', 'hydro')","('counts', 'mat', 'tfeat')",10-folds cv,"(1, 2, 3)",1499,0.76742532,0.691174242,0.634065934,0.654453231,0.842163919,0.4877119
lgbm,"('no_reduction',)","('mat', 'tfeat', 'protvec')",10-folds cv,"(2,)",455,0.764509246,0.696051661,0.631868132,0.653298208,0.841904762,0.485488628
lgbm,"('no_reduction',)","('counts', 'mat', 'tfeat', 'protvec')",10-folds cv,"(2, 3)",880,0.764651494,0.697844794,0.623626374,0.65224283,0.841771978,0.48274713
lgbm,"('no_reduction',)","('mat', 'protvec')",10-folds cv,"(2,)",450,0.762019915,0.689851056,0.626373626,0.645189054,0.840886447,0.478658615
lgbm,"('no_reduction',)","('mat', 'protvec')",10-folds cv,"(1, 2, 3)",1250,0.777809388,0.710685287,0.647252747,0.671034372,0.840800366,0.511349618
lgbm,"('no_reduction',)","('counts', 'mat', 'protvec')",10-folds cv,"(2, 3)",870,0.75398293,0.67350593,0.632417582,0.645448446,0.840658425,0.464310332
lgbm,"('conform', 'no_reduction', 'hydro')","('counts', 'mat', 'tfeat')",10-folds cv,"(1, 3)",1010,0.775320057,0.695257316,0.671428571,0.677068686,0.840202381,0.511574085
lgbm,"('no_reduction', 'hydro')","('counts', 'mat', 'tfeat')",10-folds cv,"(1, 3)",895,0.746159317,0.642281746,0.647802198,0.637363908,0.839632784,0.449325545
lgbm,"('no_reduction',)","('counts', 'mat')",10-folds cv,"(1,)",420,0.785846373,0.701295371,0.691758242,0.69383887,0.839631868,0.532021785
lgbm,"('conform', 'no_reduction', 'hydro')","('mat',)",10-folds cv,"(1,)",474,0.77745377,0.706310389,0.661538462,0.672710528,0.839228938,0.515407243
lgbm,"('no_reduction', 'hydro')","('mat',)",10-folds cv,"(2,)",425,0.769914651,0.696085997,0.634065934,0.658053695,0.838745421,0.492112652
lgbm,"('conform', 'no_reduction', 'hydro')","('counts', 'mat')",10-folds cv,"(2, 3)",980,0.756685633,0.680625902,0.625824176,0.645134917,0.838604396,0.468173012
lgbm,"('no_reduction',)","('counts', 'mat', 'tfeat')",10-folds cv,"(1, 3)",830,0.775391181,0.704641053,0.648901099,0.666890436,0.838586081,0.508166582
lgbm,"('conform', 'no_reduction', 'hydro')","('mat', 'tfeat')",10-folds cv,"(1, 3)",978,0.753769559,0.661634199,0.640659341,0.642187667,0.838447802,0.464040594
lgbm,"('conform', 'no_reduction', 'hydro')","('mat', 'tfeat')",10-folds cv,"(1, 2, 3)",1467,0.740753912,0.643057082,0.595604396,0.611437588,0.838328755,0.424600562
lgbm,"('conform', 'no_reduction', 'hydro')","('counts', 'mat', 'tfeat')",10-folds cv,"(1,)",521,0.78314367,0.697315185,0.691758242,0.690847417,0.83810989,0.527763548
lgbm,"('conform', 'no_reduction')","('mat', 'tfeat')",10-folds cv,"(1, 3)",918,0.767354196,0.698034466,0.640659341,0.660988054,0.838078755,0.492327865
lgbm,"('conform', 'no_reduction')","('counts', 'mat', 'protvec')",10-folds cv,"(1, 2, 3)",1524,0.767496444,0.671849058,0.685714286,0.675253748,0.838041209,0.498233507
lgbm,"('conform', 'no_reduction')","('mat',)",10-folds cv,"(1, 2)",898,0.753840683,0.688217338,0.595604396,0.620690334,0.837992674,0.457977052
lgbm,"('no_reduction', 'hydro')","('counts', 'mat')",10-folds cv,"(1, 2)",875,0.751209104,0.663063187,0.641758242,0.64797085,0.837739927,0.460653855
lgbm,"('conform', 'no_reduction')","('counts', 'mat', 'tfeat')",10-folds cv,"(2, 3)",945,0.754267425,0.668299756,0.611538462,0.627691964,0.837611722,0.45656301
lgbm,"('no_reduction',)","('counts', 'mat', 'protvec')",10-folds cv,"(2,)",470,0.76458037,0.682161172,0.661538462,0.667229035,0.837593407,0.489735403
lgbm,"('conform', 'no_reduction', 'hydro')","('counts', 'mat', 'tfeat')",10-folds cv,"(2,)",521,0.751422475,0.668357843,0.633516484,0.639969031,0.837517399,0.460884435
lgbm,"('no_reduction',)","('counts', 'mat', 'tfeat', 'protvec')",10-folds cv,"(1, 2, 3)",1285,0.777951636,0.714162088,0.662087912,0.680376038,0.837501832,0.517753011
lgbm,"('no_reduction', 'hydro')","('mat', 'tfeat')",10-folds cv,"(1, 3)",870,0.756614509,0.690937951,0.587912088,0.619715316,0.837445055,0.457881879
lgbm,"('conform', 'no_reduction', 'hydro')","('counts', 'mat', 'tfeat')",10-folds cv,"(1, 2)",1010,0.764793741,0.681409008,0.640659341,0.656087695,0.837217949,0.482653122
lgbm,"('no_reduction', 'hydro')","('counts', 'mat', 'tfeat')",10-folds cv,"(1, 2)",895,0.759601707,0.66873384,0.642307692,0.644259304,0.837107143,0.473759561
lgbm,"('no_reduction',)","('counts', 'mat', 'tfeat')",10-folds cv,"(2,)",425,0.754196302,0.662919653,0.648901099,0.644917016,0.836765568,0.468470215
lgbm,"('conform', 'no_reduction', 'hydro')","('mat', 'tfeat', 'protvec')",10-folds cv,"(1, 3)",1428,0.754267425,0.678120246,0.62032967,0.640841764,0.836547619,0.463038257
lgbm,"('conform', 'no_reduction', 'hydro')","('counts', 'mat', 'protvec')",10-folds cv,"(1, 3)",1430,0.769914651,0.706114857,0.626373626,0.659058756,0.836064103,0.493331529
lgbm,"('no_reduction',)","('mat',)",10-folds cv,"(2, 3)",800,0.772830725,0.71221726,0.634065934,0.66531992,0.836053114,0.501835902
lgbm,"('conform', 'no_reduction', 'hydro')","('counts', 'mat')",10-folds cv,"(1,)",506,0.756401138,0.654331869,0.684615385,0.666679803,0.836017399,0.477905993
lgbm,"('conform', 'no_reduction', 'hydro')","('counts', 'mat', 'tfeat')",10-folds cv,"(2, 3)",1010,0.762019915,0.68465812,0.626923077,0.641394366,0.83585989,0.477020782
lgbm,"('conform', 'no_reduction', 'hydro')","('counts', 'mat')",10-folds cv,"(1, 2)",980,0.751280228,0.668073308,0.619230769,0.634660788,0.835629121,0.456179323
lgbm,"('no_reduction', 'hydro')","('mat', 'tfeat', 'protvec')",10-folds cv,"(1, 3)",1220,0.769843528,0.706006494,0.626373626,0.652597306,0.835602564,0.493675949
lgbm,"('conform', 'no_reduction', 'hydro')","('mat',)",10-folds cv,"(1, 2, 3)",1422,0.738122333,0.645848596,0.633516484,0.625383518,0.835600733,0.438339503
lgbm,"('conform', 'no_reduction')","('counts', 'mat')",10-folds cv,"(2,)",476,0.762019915,0.678484848,0.648901099,0.658143851,0.8353837,0.481348693
lgbm,"('no_reduction',)","('mat', 'tfeat')",10-folds cv,"(2,)",405,0.751849218,0.680290682,0.606043956,0.635312771,0.835115385,0.455426795
lgbm,"('conform', 'no_reduction')","('counts', 'mat', 'tfeat', 'protvec')",10-folds cv,"(1, 3)",1095,0.762233286,0.671202547,0.678021978,0.672031521,0.834945971,0.488498288
lgbm,"('conform', 'no_reduction', 'hydro')","('counts', 'mat', 'tfeat', 'protvec')",10-folds cv,"(1,)",971,0.748719772,0.664696211,0.604945055,0.622669702,0.834715201,0.446508016
lgbm,"('conform', 'no_reduction', 'hydro')","('mat', 'protvec')",10-folds cv,"(1, 2, 3)",1872,0.759174964,0.67416958,0.641208791,0.652696586,0.833534799,0.473734815
lgbm,"('no_reduction',)","('mat', 'tfeat', 'protvec')",10-folds cv,"(1, 2)",860,0.756614509,0.673573094,0.632967033,0.649206714,0.833520147,0.466997294
lgbm,"('no_reduction',)","('counts', 'mat', 'tfeat', 'protvec')",10-folds cv,"(2,)",475,0.756614509,0.673430955,0.646703297,0.654075777,0.833358974,0.472787322
lgbm,"('conform', 'no_reduction')","('counts', 'mat', 'protvec')",10-folds cv,"(2, 3)",1075,0.751564723,0.668454536,0.611538462,0.629775604,0.833065018,0.45300274
lgbm,"('no_reduction', 'hydro')","('mat', 'tfeat')",10-folds cv,"(2, 3)",870,0.761948791,0.691973835,0.588461538,0.624843416,0.832876374,0.466205405
lgbm,"('no_reduction', 'hydro')","('mat', 'tfeat')",10-folds cv,"(1, 2)",870,0.764651494,0.686786547,0.634615385,0.654696897,0.832758242,0.482169489
lgbm,"('conform', 'no_reduction')","('counts', 'mat', 'tfeat')",10-folds cv,"(1, 3)",945,0.770056899,0.697343074,0.634065934,0.661024225,0.832708791,0.492181899
lgbm,"('no_reduction',)","('mat', 'protvec')",10-folds cv,"(1, 2)",850,0.753769559,0.678608336,0.617582418,0.639996455,0.83256044,0.460879094
lgbm,"('no_reduction', 'hydro')","('mat', 'protvec')",10-folds cv,"(2, 3)",1200,0.764651494,0.697735353,0.625824176,0.646217221,0.832404762,0.484750305
lgbm,"('conform', 'no_reduction')","('counts', 'mat')",10-folds cv,"(3,)",476,0.748790896,0.657216146,0.641208791,0.642109621,0.832368132,0.456461651
lgbm,"('no_reduction', 'hydro')","('counts', 'mat', 'tfeat')",10-folds cv,"(3,)",460,0.754125178,0.659056777,0.642307692,0.645807124,0.832236264,0.463024876
lgbm,"('conform', 'no_reduction')","('counts', 'mat', 'tfeat')",10-folds cv,"(1,)",486,0.76230441,0.659665751,0.664285714,0.659515724,0.832104396,0.479542111
lgbm,"('no_reduction', 'hydro')","('counts', 'mat', 'tfeat')",10-folds cv,"(2,)",460,0.772475107,0.682123881,0.699450549,0.68761102,0.831875458,0.512320173
lgbm,"('no_reduction',)","('counts', 'mat', 'protvec')",10-folds cv,"(1, 2, 3)",1270,0.751209104,0.659243453,0.653296703,0.648735416,0.831708791,0.463473722
lgbm,"('conform', 'no_reduction')","('counts', 'mat')",10-folds cv,"(1,)",476,0.775248933,0.671125051,0.72032967,0.691979454,0.831690476,0.519196828
lgbm,"('conform', 'no_reduction')","('counts', 'mat', 'protvec')",10-folds cv,"(1, 3)",1075,0.757041252,0.660111278,0.685164835,0.666876686,0.831663919,0.482301371
lgbm,"('conform', 'no_reduction', 'hydro')","('counts', 'mat', 'protvec')",10-folds cv,"(1, 2, 3)",1904,0.772759602,0.691116498,0.640659341,0.654458641,0.831641026,0.496797751
lgbm,"('no_reduction',)","('counts', 'mat', 'protvec')",10-folds cv,"(1, 2)",870,0.772403983,0.701290793,0.653846154,0.673162688,0.83124359,0.503023802
lgbm,"('no_reduction', 'hydro')","('mat', 'protvec')",10-folds cv,"(1, 2, 3)",1625,0.756614509,0.688951735,0.613186813,0.633845108,0.831215201,0.467602197
lgbm,"('conform', 'no_reduction', 'hydro')","('mat',)",10-folds cv,"(1, 2)",948,0.740753912,0.664623367,0.582967033,0.612324194,0.831111722,0.429392221
lgbm,"('no_reduction', 'hydro')","('counts', 'tfeat')",10-folds cv,"(1,)",35,0.757041252,0.662992914,0.663736264,0.660343947,0.830855311,0.474483583
lgbm,"('no_reduction',)","('mat', 'tfeat')",10-folds cv,"(1, 2)",810,0.775320057,0.707272727,0.649450549,0.668861185,0.830692308,0.508154669
lgbm,"('conform', 'no_reduction')","('mat', 'tfeat')",10-folds cv,"(1, 2, 3)",1377,0.751209104,0.679696137,0.573626374,0.610331721,0.830615385,0.443764061
lgbm,"('conform', 'no_reduction')","('mat', 'protvec')",10-folds cv,"(1, 2)",1048,0.764793741,0.685440393,0.655494505,0.666896333,0.83025641,0.488957803
lgbm,"('no_reduction', 'hydro')","('mat', 'tfeat')",10-folds cv,"(1,)",435,0.754125178,0.658392098,0.649450549,0.649677221,0.830248168,0.465264331
lgbm,"('no_reduction',)","('mat',)",10-folds cv,"(1, 2)",800,0.775177809,0.728988095,0.619230769,0.6594254,0.829789377,0.506127708
lgbm,"('no_reduction', 'hydro')","('counts', 'mat')",10-folds cv,"(1,)",450,0.756543385,0.66047952,0.654395604,0.655772641,0.829701465,0.469034578
lgbm,"('conform', 'no_reduction', 'hydro')","('counts', 'mat', 'protvec')",10-folds cv,"(1, 2)",1430,0.756756757,0.672908791,0.619230769,0.636726262,0.829673993,0.463785458
lgbm,"('no_reduction',)","('counts', 'tfeat', 'protvec')",10-folds cv,"(2, 3)",80,0.762233286,0.695338828,0.625824176,0.653601363,0.829423993,0.479777243
lgbm,"('conform', 'no_reduction', 'hydro')","('counts', 'mat', 'protvec')",10-folds cv,"(2,)",956,0.759672831,0.680848735,0.626923077,0.644119898,0.829141941,0.472728763
lgbm,"('conform', 'no_reduction')","('counts', 'mat', 'protvec')",10-folds cv,"(1,)",626,0.756756757,0.668923993,0.648351648,0.654823474,0.829057692,0.471260692
lgbm,"('no_reduction', 'hydro')","('tfeat', 'protvec')",10-folds cv,"(1,)",360,0.740825036,0.672979374,0.568131868,0.597783251,0.828908425,0.428210054
lgbm,"('conform', 'no_reduction')","('mat', 'tfeat', 'protvec')",10-folds cv,"(1,)",609,0.748933144,0.673279433,0.604945055,0.628640465,0.82868956,0.449950741
lgbm,"('no_reduction',)","('counts', 'mat', 'tfeat', 'protvec')",10-folds cv,"(1, 2)",880,0.751280228,0.674663531,0.61043956,0.635431957,0.828578755,0.453825222
lgbm,"('conform', 'no_reduction')","('counts', 'mat', 'tfeat', 'protvec')",10-folds cv,"(1, 2, 3)",1554,0.746088193,0.658341658,0.618131868,0.635691494,0.828447802,0.443703967
lgbm,"('conform', 'no_reduction')","('mat', 'tfeat', 'protvec')",10-folds cv,"(1, 2, 3)",1527,0.751422475,0.658898773,0.654395604,0.651619993,0.828378205,0.463777114
lgbm,"('no_reduction', 'hydro')","('counts', 'tfeat', 'protvec')",10-folds cv,"(1, 3)",395,0.756685633,0.677432567,0.60989011,0.63657191,0.828333333,0.461027972
lgbm,"('conform', 'no_reduction')","('mat', 'protvec')",10-folds cv,"(2, 3)",1048,0.735775249,0.639803742,0.618681319,0.621106927,0.828150183,0.426222163
lgbm,"('no_reduction', 'hydro')","('protvec',)",10-folds cv,"(1,)",350,0.738122333,0.66244228,0.568131868,0.596539186,0.827698718,0.421077456
lgbm,"('conform', 'no_reduction')","('counts', 'mat', 'tfeat', 'protvec')",10-folds cv,"(2,)",636,0.751493599,0.664372711,0.626373626,0.639908226,0.827202381,0.455987191
lgbm,"('no_reduction',)","('counts', 'mat', 'tfeat', 'protvec')",10-folds cv,"(1, 3)",880,0.775106686,0.697457542,0.668131868,0.680499179,0.827179487,0.509259728
lgbm,"('no_reduction',)","('counts', 'tfeat')",10-folds cv,"(2,)",25,0.754054054,0.649653146,0.685164835,0.658203448,0.827177656,0.476462142
lgbm,"('conform', 'no_reduction', 'hydro')","('mat', 'protvec')",10-folds cv,"(2,)",924,0.735775249,0.629383117,0.613186813,0.609932701,0.827072344,0.422428669
lgbm,"('no_reduction', 'hydro')","('mat', 'protvec')",10-folds cv,"(1, 3)",1200,0.751493599,0.67156746,0.610989011,0.630497287,0.827028388,0.453782521
lgbm,"('conform', 'no_reduction')","('counts', 'mat', 'protvec')",10-folds cv,"(1, 2)",1075,0.762233286,0.675550528,0.648901099,0.654918874,0.827019231,0.481446411
lgbm,"('conform', 'no_reduction', 'hydro')","('counts', 'mat', 'tfeat', 'protvec')",10-folds cv,"(2,)",971,0.749004267,0.666381951,0.604395604,0.626849564,0.827004579,0.446321647
lgbm,"('no_reduction', 'hydro')","('counts', 'tfeat', 'protvec')",10-folds cv,"(2,)",385,0.751422475,0.673880531,0.603846154,0.619717581,0.826972527,0.452143248
lgbm,"('conform', 'no_reduction', 'hydro')","('mat',)",10-folds cv,"(2,)",474,0.76742532,0.707983822,0.635164835,0.6596152,0.826884615,0.494227149
lgbm,"('conform', 'no_reduction')","('mat',)",10-folds cv,"(1, 2, 3)",1347,0.756685633,0.679951788,0.619230769,0.634898996,0.826824176,0.466715137
lgbm,"('no_reduction', 'hydro')","('counts', 'mat', 'tfeat', 'protvec')",10-folds cv,"(1, 2)",1245,0.756827881,0.68404748,0.612087912,0.635541391,0.82679304,0.465474956
lgbm,"('no_reduction', 'hydro')","('counts', 'mat', 'protvec')",10-folds cv,"(1, 3)",1225,0.751778094,0.685476468,0.590659341,0.619980319,0.826736264,0.452705643
lgbm,"('conform', 'no_reduction', 'hydro')","('mat',)",10-folds cv,"(3,)",474,0.740469417,0.643037423,0.655494505,0.642594101,0.826704212,0.446455846
lgbm,"('conform', 'no_reduction', 'hydro')","('mat', 'protvec')",10-folds cv,"(1,)",924,0.74601707,0.658004912,0.612087912,0.627410074,0.82620696,0.442365104
lgbm,"('conform', 'no_reduction')","('mat',)",10-folds cv,"(1,)",449,0.743385491,0.642224997,0.619230769,0.624803999,0.826169414,0.43613719
lgbm,"('no_reduction',)","('mat',)",10-folds cv,"(1, 3)",800,0.77254623,0.710305805,0.611538462,0.652676573,0.826100733,0.492901263
lgbm,"('conform', 'no_reduction')","('counts', 'tfeat', 'protvec')",10-folds cv,"(1, 2, 3)",207,0.741038407,0.648865301,0.606593407,0.621312405,0.826085165,0.43169786
lgbm,"('conform', 'no_reduction')","('counts', 'mat', 'tfeat', 'protvec')",10-folds cv,"(3,)",636,0.746301565,0.664667971,0.61978022,0.636260875,0.825846154,0.447766067
lgbm,"('no_reduction', 'hydro')","('counts', 'tfeat', 'protvec')",10-folds cv,"(2, 3)",395,0.738051209,0.659038323,0.551098901,0.592871314,0.825532051,0.412782854
lgbm,"('conform', 'hydro')","('counts', 'mat', 'tfeat')",10-folds cv,"(1, 3)",180,0.737980085,0.641208726,0.628021978,0.627423038,0.825524725,0.433431878
lgbm,"('conform', 'no_reduction')","('counts', 'mat', 'tfeat')",10-folds cv,"(1, 2)",945,0.740896159,0.648313353,0.611538462,0.626392561,0.825487179,0.431929041
lgbm,"('no_reduction', 'hydro')","('counts', 'tfeat', 'protvec')",10-folds cv,"(1, 2)",395,0.740753912,0.663538961,0.573626374,0.603781816,0.825486264,0.425346536
lgbm,"('conform', 'no_reduction', 'hydro')","('counts', 'mat', 'tfeat', 'protvec')",10-folds cv,"(1, 2, 3)",1949,0.754267425,0.670335637,0.612087912,0.63464706,0.825358059,0.456436069
lgbm,"('no_reduction', 'hydro')","('mat', 'tfeat', 'protvec')",10-folds cv,"(1,)",785,0.743598862,0.66992674,0.581868132,0.609851451,0.825348901,0.434036921
lgbm,"('no_reduction',)","('counts', 'tfeat')",10-folds cv,"(1, 2)",30,0.733285917,0.622611506,0.61978022,0.615005391,0.825328755,0.41708829
lgbm,"('no_reduction', 'hydro')","('counts', 'mat', 'protvec')",10-folds cv,"(1, 2, 3)",1650,0.745945946,0.653646076,0.595604396,0.615421582,0.825236264,0.435256491
lgbm,"('conform', 'no_reduction')","('counts', 'protvec')",10-folds cv,"(1,)",177,0.751635846,0.666646825,0.641758242,0.648980971,0.825130952,0.462277408
lgbm,"('no_reduction',)","('counts', 'mat', 'tfeat', 'protvec')",10-folds cv,"(3,)",475,0.761948791,0.677614053,0.646703297,0.659097385,0.825128205,0.479472566
lgbm,"('conform', 'no_reduction')","('counts', 'mat', 'tfeat', 'protvec')",10-folds cv,"(1, 2)",1095,0.759246088,0.668708375,0.646153846,0.655087912,0.825038462,0.472523272
lgbm,"('conform', 'no_reduction')","('mat', 'tfeat', 'protvec')",10-folds cv,"(1, 2)",1068,0.764722617,0.685661593,0.647802198,0.661679438,0.824959707,0.486904916
lgbm,"('conform', 'no_reduction')","('counts', 'mat', 'protvec')",10-folds cv,"(2,)",626,0.748577525,0.667184898,0.619230769,0.635465823,0.824802198,0.451801804
lgbm,"('conform', 'no_reduction', 'hydro')","('mat', 'tfeat')",10-folds cv,"(1,)",489,0.748577525,0.651263955,0.641208791,0.640003464,0.824705128,0.454271339
lgbm,"('no_reduction',)","('counts', 'mat')",10-folds cv,"(3,)",420,0.762446657,0.663961346,0.701098901,0.677713735,0.824663919,0.495787015
lgbm,"('no_reduction', 'hydro')","('counts', 'mat', 'protvec')",10-folds cv,"(1, 2)",1225,0.75398293,0.666587163,0.633516484,0.640645138,0.824597985,0.46228791
lgbm,"('no_reduction',)","('mat', 'tfeat')",10-folds cv,"(2, 3)",810,0.743954481,0.673454323,0.567582418,0.607918156,0.824550366,0.430280754
lgbm,"('no_reduction',)","('counts', 'mat', 'protvec')",10-folds cv,"(3,)",470,0.769914651,0.694000583,0.662087912,0.672973475,0.824398352,0.500869129
lgbm,"('no_reduction', 'hydro')","('counts', 'mat', 'tfeat', 'protvec')",10-folds cv,"(1, 2, 3)",1680,0.756827881,0.680468143,0.604395604,0.63046813,0.8243663,0.461455398
lgbm,"('no_reduction', 'hydro')","('counts', 'tfeat', 'protvec')",10-folds cv,"(3,)",385,0.735348506,0.648163022,0.603296703,0.612001064,0.824362637,0.423883831
lgbm,"('conform', 'no_reduction')","('counts',)",10-folds cv,"(1,)",27,0.767354196,0.67486569,0.698351648,0.675326537,0.824072344,0.506216574
lgbm,"('conform', 'no_reduction', 'hydro')","('mat', 'tfeat')",10-folds cv,"(1, 2)",978,0.767354196,0.711019536,0.612637363,0.642283315,0.823717949,0.487504677
lgbm,"('no_reduction', 'hydro')","('mat', 'tfeat', 'protvec')",10-folds cv,"(1, 2)",1220,0.746088193,0.674458042,0.567582418,0.607830688,0.823634615,0.433000025
lgbm,"('no_reduction', 'hydro')","('counts',)",10-folds cv,"(1,)",25,0.759317212,0.660146226,0.692307692,0.670756284,0.823593407,0.487268805
lgbm,"('conform', 'no_reduction')","('protvec',)",10-folds cv,"(1,)",150,0.756685633,0.679053814,0.626923077,0.645614133,0.823263736,0.468075116
lgbm,"('conform', 'no_reduction')","('mat', 'protvec')",10-folds cv,"(1, 3)",1048,0.740967283,0.642710623,0.642307692,0.638292371,0.823263736,0.4414288
lgbm,"('conform', 'no_reduction')","('mat', 'protvec')",10-folds cv,"(2,)",599,0.735775249,0.651511405,0.575824176,0.605920992,0.823046703,0.415436356
lgbm,"('no_reduction',)","('counts',)",10-folds cv,"(1,)",20,0.735775249,0.63087939,0.656043956,0.635957275,0.823005495,0.437258444
lgbm,"('conform', 'no_reduction', 'hydro')","('counts', 'mat', 'tfeat')",10-folds cv,"(3,)",521,0.730440967,0.623220374,0.642307692,0.627326523,0.822835165,0.422161328
lgbm,"('no_reduction',)","('counts', 'tfeat', 'protvec')",10-folds cv,"(1,)",75,0.748719772,0.660859035,0.632417582,0.641247269,0.822761905,0.453239016
lgbm,"('conform', 'no_reduction')","('mat', 'tfeat', 'protvec')",10-folds cv,"(2,)",609,0.761948791,0.691287046,0.626923077,0.647860123,0.822614469,0.479160421
lgbm,"('conform', 'no_reduction', 'hydro')","('counts', 'mat', 'tfeat', 'protvec')",10-folds cv,"(1, 3)",1460,0.746230441,0.654373127,0.611538462,0.623366446,0.822564103,0.442568288
lgbm,"('conform', 'no_reduction')","('counts', 'mat', 'tfeat')",10-folds cv,"(3,)",486,0.751778094,0.659853699,0.650549451,0.648663486,0.822500916,0.464114271
lgbm,"('conform', 'no_reduction')","('counts', 'mat', 'tfeat', 'protvec')",10-folds cv,"(1,)",636,0.756899004,0.670736763,0.635164835,0.648720096,0.822407509,0.467652779
lgbm,"('conform', 'no_reduction')","('counts', 'tfeat', 'protvec')",10-folds cv,"(1,)",187,0.73826458,0.641498812,0.626923077,0.627369048,0.822401099,0.433330334
lgbm,"('no_reduction',)","('counts', 'mat', 'protvec')",10-folds cv,"(1, 3)",870,0.761948791,0.68522453,0.639010989,0.655241182,0.822378205,0.480774286
lgbm,"('no_reduction', 'hydro')","('tfeat', 'protvec')",10-folds cv,"(1, 2, 3)",380,0.738193457,0.668041126,0.560989011,0.593375143,0.822295788,0.420229345
lgbm,"('conform', 'no_reduction', 'hydro')","('counts', 'mat', 'protvec')",10-folds cv,"(3,)",956,0.746514936,0.653620236,0.598901099,0.612289946,0.822271062,0.438619643
lgbm,"('no_reduction',)","('counts', 'tfeat', 'protvec')",10-folds cv,"(3,)",75,0.751564723,0.661821512,0.63956044,0.648442409,0.821847985,0.458395105
lgbm,"('conform', 'no_reduction', 'hydro')","('counts', 'mat', 'tfeat', 'protvec')",10-folds cv,"(1, 2)",1460,0.762162162,0.68784632,0.634615385,0.645961269,0.821840659,0.480877518
lgbm,"('conform', 'no_reduction', 'hydro')","('counts', 'protvec')",10-folds cv,"(1,)",482,0.756899004,0.678688566,0.626923077,0.638925049,0.821797619,0.468890588
lgbm,"('no_reduction',)","('mat', 'tfeat', 'protvec')",10-folds cv,"(1, 3)",860,0.759317212,0.67459707,0.641208791,0.653006596,0.821789377,0.473764928
lgbm,"('no_reduction', 'hydro')","('mat', 'protvec')",10-folds cv,"(1,)",775,0.748648649,0.663432401,0.617582418,0.629321713,0.821705128,0.449544048
lgbm,"('no_reduction', 'hydro')","('counts', 'mat', 'tfeat', 'protvec')",10-folds cv,"(1, 3)",1245,0.727596017,0.637527056,0.588461538,0.603298037,0.821312271,0.405161278
lgbm,"('no_reduction', 'hydro')","('counts', 'protvec')",10-folds cv,"(1,)",375,0.743314367,0.656926407,0.603296703,0.619819935,0.82110348,0.436123962
lgbm,"('conform', 'no_reduction')","('mat', 'tfeat', 'protvec')",10-folds cv,"(1, 3)",1068,0.75398293,0.667890443,0.632967033,0.647935399,0.82089652,0.461629493
lgbm,"('no_reduction',)","('mat',)",10-folds cv,"(2,)",400,0.77027027,0.702240815,0.634615385,0.661776785,0.820871795,0.494534313
lgbm,"('conform', 'no_reduction')","('mat',)",10-folds cv,"(2,)",449,0.780654339,0.720290298,0.663736264,0.677506968,0.820862637,0.524559526
lgbm,"('no_reduction',)","('counts', 'tfeat', 'protvec')",10-folds cv,"(1, 2)",80,0.738122333,0.647938034,0.60989011,0.624342509,0.820733516,0.427800154
lgbm,"('no_reduction', 'hydro')","('mat', 'protvec')",10-folds cv,"(1, 2)",1200,0.730085349,0.645546259,0.568131868,0.590150329,0.8206163,0.404268547
lgbm,"('no_reduction', 'hydro')","('counts', 'mat', 'protvec')",10-folds cv,"(2, 3)",1225,0.751564723,0.672147297,0.597252747,0.624451806,0.820545788,0.449378206
lgbm,"('no_reduction', 'hydro')","('counts', 'mat', 'tfeat', 'protvec')",10-folds cv,"(2,)",810,0.738335704,0.647967719,0.603846154,0.617278034,0.820521062,0.426663762
lgbm,"('no_reduction', 'hydro')","('counts', 'mat', 'protvec')",10-folds cv,"(1,)",800,0.756756757,0.6791163,0.625824176,0.641025983,0.8205,0.467858551
lgbm,"('no_reduction', 'hydro')","('mat',)",10-folds cv,"(3,)",425,0.740682788,0.651639194,0.596703297,0.615067219,0.82042033,0.428437879
lgbm,"('conform', 'no_reduction')","('mat',)",10-folds cv,"(2, 3)",898,0.756756757,0.707454212,0.597802198,0.632977603,0.820346154,0.468541472
lgbm,"('conform', 'no_reduction', 'hydro')","('counts', 'mat', 'protvec')",10-folds cv,"(1,)",956,0.74886202,0.667295237,0.596703297,0.619523511,0.820342491,0.44493351
lgbm,"('no_reduction', 'hydro')","('mat',)",10-folds cv,"(2, 3)",850,0.740682788,0.662297735,0.596703297,0.615202836,0.820294872,0.434437032
lgbm,"('conform', 'no_reduction', 'hydro')","('counts', 'tfeat', 'protvec')",10-folds cv,"(1, 3)",512,0.749004267,0.65219506,0.598351648,0.612751966,0.820197802,0.440291814
lgbm,"('conform', 'no_reduction')","('mat', 'tfeat', 'protvec')",10-folds cv,"(2, 3)",1068,0.751493599,0.670056333,0.626373626,0.643409248,0.820175824,0.457671835
lgbm,"('no_reduction', 'hydro')","('counts', 'tfeat')",10-folds cv,"(2,)",35,0.740753912,0.637583944,0.632967033,0.631396861,0.820136447,0.435450272
lgbm,"('no_reduction', 'hydro')","('mat', 'protvec')",10-folds cv,"(2,)",775,0.743385491,0.662989029,0.596703297,0.610698961,0.820026557,0.436658167
lgbm,"('conform', 'no_reduction')","('counts', 'mat', 'protvec')",10-folds cv,"(3,)",626,0.749075391,0.654408533,0.647252747,0.647102919,0.819971612,0.456176361
lgbm,"('conform', 'no_reduction', 'hydro')","('mat', 'protvec')",10-folds cv,"(1, 3)",1398,0.746230441,0.66187316,0.604395604,0.625696295,0.819951465,0.441577127
lgbm,"('conform', 'no_reduction')","('mat', 'tfeat')",10-folds cv,"(1, 2)",918,0.746230441,0.661799451,0.603846154,0.624822846,0.819811355,0.440910843
lgbm,"('no_reduction', 'hydro')","('tfeat', 'protvec')",10-folds cv,"(1, 3)",370,0.75398293,0.698103832,0.582967033,0.617259442,0.819787546,0.458253915
lgbm,"('conform', 'no_reduction')","('counts', 'tfeat', 'protvec')",10-folds cv,"(1, 3)",197,0.743669986,0.67537962,0.582417582,0.622221112,0.819754579,0.435415874
lgbm,"('conform', 'no_reduction', 'hydro')","('tfeat', 'protvec')",10-folds cv,"(1, 2, 3)",495,0.751564723,0.657487586,0.619230769,0.630345034,0.819752747,0.451868048
lgbm,"('no_reduction',)","('mat', 'protvec')",10-folds cv,"(3,)",450,0.764722617,0.714691558,0.60989011,0.649534321,0.819643773,0.484644065
lgbm,"('conform', 'no_reduction', 'hydro')","('mat', 'tfeat', 'protvec')",10-folds cv,"(2, 3)",1428,0.740753912,0.654855561,0.58956044,0.612484782,0.819565934,0.427477183
lgbm,"('no_reduction',)","('counts', 'tfeat', 'protvec')",10-folds cv,"(1, 2, 3)",85,0.738335704,0.652272589,0.587912088,0.613394937,0.819500916,0.422243949
lgbm,"('conform', 'no_reduction', 'hydro')","('counts', 'mat', 'tfeat', 'protvec')",10-folds cv,"(3,)",971,0.735561878,0.642331974,0.581868132,0.599336438,0.819411172,0.414000152
lgbm,"('no_reduction',)","('counts', 'tfeat')",10-folds cv,"(1,)",25,0.759601707,0.685622711,0.634615385,0.655023417,0.819192308,0.475724819
lgbm,"('conform', 'no_reduction', 'hydro')","('counts', 'tfeat', 'protvec')",10-folds cv,"(1, 2, 3)",527,0.751635846,0.660329009,0.620879121,0.627994821,0.819154762,0.454277876
lgbm,"('conform', 'no_reduction', 'hydro')","('counts', 'mat', 'protvec')",10-folds cv,"(2, 3)",1430,0.762162162,0.694506882,0.625824176,0.643847801,0.819132784,0.481570394
lgbm,"('conform', 'no_reduction', 'hydro')","('mat', 'protvec')",10-folds cv,"(3,)",924,0.740825036,0.644135864,0.604945055,0.616760255,0.818758242,0.428795277
lgbm,"('no_reduction',)","('mat',)",10-folds cv,"(1,)",400,0.769914651,0.702561883,0.632967033,0.650005809,0.818757326,0.495260899
lgbm,"('conform', 'no_reduction')","('counts', 'mat', 'tfeat', 'protvec')",10-folds cv,"(2, 3)",1095,0.754196302,0.677629038,0.625824176,0.645116518,0.818695055,0.463764362
lgbm,"('no_reduction', 'hydro')","('mat', 'tfeat', 'protvec')",10-folds cv,"(3,)",785,0.740825036,0.66144647,0.595604396,0.610323473,0.818600733,0.431581807
lgbm,"('conform', 'no_reduction', 'hydro')","('tfeat', 'protvec')",10-folds cv,"(1, 3)",480,0.738051209,0.643078621,0.603296703,0.617677326,0.818408425,0.424572806
lgbm,"('no_reduction',)","('mat', 'tfeat')",10-folds cv,"(1, 3)",810,0.75398293,0.673487623,0.596153846,0.628766715,0.818271062,0.451575419
lgbm,"('conform', 'hydro')","('mat',)",10-folds cv,"(1, 3)",148,0.737980085,0.635428248,0.628021978,0.621677871,0.818270147,0.432526348
lgbm,"('conform', 'no_reduction', 'hydro')","('mat', 'tfeat', 'protvec')",10-folds cv,"(1, 2, 3)",1917,0.751422475,0.664819005,0.634065934,0.637546784,0.818217949,0.460675968
lgbm,"('conform', 'no_reduction')","('mat', 'tfeat')",10-folds cv,"(1,)",459,0.735633001,0.646255828,0.568131868,0.6003381,0.818190476,0.41070134
lgbm,"('no_reduction',)","('mat', 'tfeat', 'protvec')",10-folds cv,"(3,)",455,0.761806543,0.681547619,0.631868132,0.65237506,0.818089744,0.475678987
lgbm,"('no_reduction', 'hydro')","('counts', 'tfeat', 'protvec')",10-folds cv,"(1,)",385,0.756685633,0.678522066,0.618131868,0.642509866,0.817991758,0.46426567
lgbm,"('conform', 'no_reduction', 'hydro')","('mat', 'protvec')",10-folds cv,"(2, 3)",1398,0.735490754,0.643062493,0.561538462,0.591638983,0.817918498,0.407554128
lgbm,"('conform', 'no_reduction', 'hydro')","('mat', 'tfeat', 'protvec')",10-folds cv,"(1,)",939,0.735348506,0.641520318,0.595604396,0.61079248,0.817892857,0.418298754
lgbm,"('conform', 'no_reduction', 'hydro')","('counts', 'tfeat')",10-folds cv,"(1,)",47,0.727738265,0.622265235,0.62032967,0.618997151,0.817766484,0.409593357
lgbm,"('no_reduction',)","('mat', 'protvec')",10-folds cv,"(1,)",450,0.759317212,0.681904762,0.618681319,0.644992592,0.817611722,0.468573361
lgbm,"('no_reduction', 'hydro')","('counts', 'tfeat', 'protvec')",10-folds cv,"(1, 2, 3)",405,0.748719772,0.679871795,0.573626374,0.609726814,0.817553114,0.440658082
lgbm,"('no_reduction', 'hydro')","('counts', 'tfeat')",10-folds cv,"(1, 2)",45,0.730583215,0.625976107,0.61978022,0.616250049,0.817515568,0.415218437
lgbm,"('no_reduction', 'hydro')","('mat', 'protvec')",10-folds cv,"(3,)",775,0.738335704,0.638053646,0.597802198,0.611128547,0.817447802,0.421312814
lgbm,"('no_reduction', 'hydro')","('counts', 'mat', 'protvec')",10-folds cv,"(3,)",800,0.725106686,0.623681319,0.574175824,0.59009269,0.817425824,0.392364959
lgbm,"('no_reduction',)","('counts', 'tfeat', 'protvec')",10-folds cv,"(1, 3)",80,0.770199147,0.70277448,0.641208791,0.666739008,0.81739011,0.496857522
lgbm,"('no_reduction',)","('tfeat', 'protvec')",10-folds cv,"(2, 3)",60,0.780369844,0.714109477,0.654395604,0.672473949,0.817139194,0.519277825
lgbm,"('conform', 'no_reduction')","('counts', 'tfeat', 'protvec')",10-folds cv,"(3,)",187,0.749146515,0.67524642,0.604395604,0.635448921,0.816958791,0.449018678
lgbm,"('no_reduction',)","('mat', 'protvec')",10-folds cv,"(1, 3)",850,0.77254623,0.702294372,0.654395604,0.671899479,0.816862637,0.504422972
lgbm,"('conform', 'no_reduction')","('mat', 'protvec')",10-folds cv,"(1,)",599,0.746088193,0.667846728,0.602197802,0.627338626,0.816750916,0.442776368
lgbm,"('conform', 'no_reduction', 'hydro')","('mat',)",10-folds cv,"(2, 3)",948,0.748648649,0.678814103,0.59010989,0.623359589,0.816446886,0.446202853
lgbm,"('conform', 'no_reduction')","('counts', 'tfeat')",10-folds cv,"(1, 2, 3)",57,0.757041252,0.663270757,0.65,0.650751849,0.816368132,0.470717095
lgbm,"('conform', 'no_reduction', 'hydro')","('counts',)",10-folds cv,"(1,)",32,0.743527738,0.630999979,0.692307692,0.656028688,0.816296703,0.45839555
lgbm,"('no_reduction', 'hydro')","('mat', 'tfeat')",10-folds cv,"(2,)",435,0.767496444,0.701627262,0.61978022,0.653103349,0.816258242,0.486394168
lgbm,"('no_reduction', 'hydro')","('counts', 'mat', 'protvec')",10-folds cv,"(2,)",800,0.746230441,0.657278555,0.604395604,0.620547051,0.81625,0.439654562
lgbm,"('no_reduction',)","('tfeat', 'protvec')",10-folds cv,"(3,)",55,0.761877667,0.683502747,0.633516484,0.653478632,0.816120879,0.477472419
lgbm,"('conform', 'no_reduction', 'hydro')","('counts', 'tfeat', 'protvec')",10-folds cv,"(3,)",497,0.754409673,0.667485994,0.612087912,0.626677179,0.815817766,0.457270323
lgbm,"('no_reduction', 'hydro')","('mat',)",10-folds cv,"(1,)",425,0.766998578,0.68496226,0.669230769,0.671702045,0.815672161,0.496612521
lgbm,"('no_reduction', 'hydro')","('mat', 'tfeat', 'protvec')",10-folds cv,"(2, 3)",1220,0.746159317,0.672801088,0.568131868,0.607965875,0.815649267,0.433283047
lgbm,"('conform', 'hydro')","('mat', 'tfeat')",10-folds cv,"(1, 3)",168,0.73541963,0.644239739,0.619230769,0.623448452,0.815545788,0.428145655
lgbm,"('conform', 'no_reduction', 'hydro')","('mat', 'tfeat', 'protvec')",10-folds cv,"(3,)",939,0.756899004,0.679417111,0.612637363,0.637985255,0.815440476,0.463818842
lgbm,"('no_reduction',)","('mat', 'tfeat', 'protvec')",10-folds cv,"(1,)",455,0.767354196,0.687397602,0.655494505,0.668438746,0.815437729,0.492370681
lgbm,"('no_reduction',)","('counts', 'mat', 'tfeat')",10-folds cv,"(3,)",425,0.749146515,0.645897436,0.656593407,0.645072825,0.815169414,0.458697088
lgbm,"('conform', 'no_reduction', 'hydro')","('mat', 'tfeat', 'protvec')",10-folds cv,"(1, 2)",1428,0.746159317,0.658545237,0.604945055,0.622857045,0.815081502,0.441116003
lgbm,"('conform', 'no_reduction')","('mat', 'tfeat', 'protvec')",10-folds cv,"(3,)",609,0.73826458,0.654110824,0.61978022,0.628820133,0.815053114,0.435169013
lgbm,"('conform', 'no_reduction', 'hydro')","('tfeat', 'protvec')",10-folds cv,"(1,)",465,0.743385491,0.662104978,0.567032967,0.602126334,0.81503663,0.425982248
lgbm,"('conform', 'no_reduction', 'hydro')","('counts', 'mat', 'tfeat', 'protvec')",10-folds cv,"(2, 3)",1460,0.741109531,0.649365218,0.604945055,0.617528736,0.814982601,0.431381977
lgbm,"('conform', 'no_reduction', 'hydro')","('mat', 'tfeat', 'protvec')",10-folds cv,"(2,)",939,0.740967283,0.641212121,0.597802198,0.608432722,0.814889194,0.426518051
lgbm,"('no_reduction',)","('counts', 'tfeat', 'protvec')",10-folds cv,"(2,)",75,0.751564723,0.666725529,0.632417582,0.645498176,0.814784799,0.458532303
lgbm,"('no_reduction',)","('protvec',)",10-folds cv,"(1,)",50,0.764509246,0.684368964,0.631868132,0.65041983,0.814704212,0.48035952
lgbm,"('conform', 'no_reduction', 'hydro')","('counts', 'tfeat', 'protvec')",10-folds cv,"(1,)",497,0.738477952,0.655023751,0.59010989,0.611586997,0.814369963,0.425882972
lgbm,"('conform', 'no_reduction')","('counts', 'tfeat', 'protvec')",10-folds cv,"(2, 3)",197,0.732930299,0.636868132,0.61978022,0.625125609,0.814354396,0.421199427
lgbm,"('no_reduction',)","('counts', 'protvec')",10-folds cv,"(1,)",70,0.756685633,0.676466589,0.632417582,0.649854731,0.813894689,0.467868307
lgbm,"('no_reduction', 'hydro')","('counts', 'mat', 'tfeat', 'protvec')",10-folds cv,"(2, 3)",1245,0.73826458,0.64662074,0.573626374,0.602161983,0.813605311,0.415534631
lgbm,"('no_reduction', 'hydro')","('counts', 'tfeat')",10-folds cv,"(3,)",35,0.746230441,0.647291261,0.642307692,0.637917268,0.813574176,0.449818974
lgbm,"('no_reduction', 'hydro')","('counts', 'mat', 'tfeat', 'protvec')",10-folds cv,"(1,)",810,0.743527738,0.656404184,0.602747253,0.617292587,0.813250916,0.435598308
lgbm,"('no_reduction', 'hydro')","('counts', 'tfeat')",10-folds cv,"(1, 3)",45,0.746301565,0.642521645,0.663736264,0.647661874,0.813046703,0.455801913
lgbm,"('conform', 'no_reduction', 'hydro')","('counts', 'tfeat', 'protvec')",10-folds cv,"(2,)",497,0.727667141,0.632981602,0.574725275,0.594252747,0.81300641,0.398982815
lgbm,"('conform', 'no_reduction', 'hydro')","('counts', 'tfeat')",10-folds cv,"(3,)",47,0.738193457,0.631509732,0.662637363,0.642964317,0.812868132,0.44067295
lgbm,"('conform', 'no_reduction')","('counts', 'tfeat', 'protvec')",10-folds cv,"(1, 2)",197,0.738335704,0.646007326,0.604395604,0.619756393,0.812379121,0.425751071
lgbm,"('no_reduction', 'hydro')","('mat', 'tfeat', 'protvec')",10-folds cv,"(2,)",785,0.711806543,0.584157509,0.567582418,0.564569747,0.812092491,0.359712748
lgbm,"('conform', 'no_reduction', 'hydro')","('tfeat', 'protvec')",10-folds cv,"(3,)",465,0.735633001,0.64296696,0.604395604,0.611390102,0.811591575,0.423416875
lgbm,"('conform', 'no_reduction')","('counts', 'tfeat', 'protvec')",10-folds cv,"(2,)",187,0.746301565,0.666089605,0.625824176,0.641396157,0.811380952,0.449586317
lgbm,"('no_reduction',)","('counts', 'mat', 'tfeat', 'protvec')",10-folds cv,"(1,)",475,0.756472262,0.671222527,0.630769231,0.648424094,0.811336081,0.464732293
lgbm,"('conform', 'no_reduction')","('counts', 'tfeat')",10-folds cv,"(1, 2)",47,0.717140825,0.606679154,0.575824176,0.585666186,0.811130037,0.376543257
lgbm,"('conform', 'hydro')","('counts', 'mat')",10-folds cv,"(1, 2, 3)",234,0.722261735,0.613054366,0.620879121,0.60762654,0.810232601,0.403412482
lgbm,"('conform', 'no_reduction', 'hydro')","('counts', 'tfeat')",10-folds cv,"(2, 3)",62,0.749075391,0.652428624,0.647802198,0.642350464,0.810228022,0.45723087
lgbm,"('conform', 'no_reduction')","('tfeat', 'protvec')",10-folds cv,"(1, 3)",170,0.719630156,0.627168004,0.553296703,0.577688978,0.809624542,0.380907005
lgbm,"('conform', 'no_reduction', 'hydro')","('counts', 'tfeat')",10-folds cv,"(1, 3)",62,0.722475107,0.610164141,0.613736264,0.602951375,0.809554945,0.398948205
lgbm,"('conform', 'no_reduction')","('tfeat', 'protvec')",10-folds cv,"(2,)",160,0.735633001,0.649949495,0.603296703,0.619188051,0.809454212,0.424232944
lgbm,"('no_reduction', 'hydro')","('tfeat', 'protvec')",10-folds cv,"(1, 2)",370,0.73541963,0.66359127,0.568131868,0.601484333,0.809369048,0.417884829
lgbm,"('no_reduction',)","('tfeat', 'protvec')",10-folds cv,"(1, 2, 3)",65,0.754054054,0.67455267,0.618681319,0.639795168,0.809119048,0.460333177
lgbm,"('conform', 'no_reduction')","('counts', 'tfeat')",10-folds cv,"(3,)",37,0.735846373,0.63281015,0.633516484,0.626931065,0.80889652,0.428157652
lgbm,"('conform', 'no_reduction', 'hydro')","('tfeat', 'protvec')",10-folds cv,"(1, 2)",480,0.743669986,0.658753501,0.582967033,0.608696047,0.808860806,0.430866267
lgbm,"('conform', 'no_reduction')","('tfeat', 'protvec')",10-folds cv,"(2, 3)",170,0.749075391,0.668353175,0.589010989,0.618735852,0.808724359,0.441995541
lgbm,"('no_reduction',)","('mat', 'tfeat')",10-folds cv,"(1,)",405,0.743456615,0.652409674,0.581868132,0.608930852,0.808721612,0.427108856
lgbm,"('conform', 'no_reduction', 'hydro')","('counts', 'tfeat', 'protvec')",10-folds cv,"(2, 3)",512,0.749075391,0.665380453,0.604395604,0.62492641,0.808677656,0.446194562
lgbm,"('no_reduction', 'hydro')","('tfeat', 'protvec')",10-folds cv,"(3,)",360,0.730227596,0.639709873,0.575274725,0.59290646,0.808297619,0.40507825
lgbm,"('conform', 'no_reduction')","('tfeat', 'protvec')",10-folds cv,"(1,)",160,0.714509246,0.609504417,0.582967033,0.589405105,0.808294872,0.377664706
lgbm,"('no_reduction', 'hydro')","('counts', 'mat', 'tfeat', 'protvec')",10-folds cv,"(3,)",810,0.740682788,0.660680986,0.574175824,0.600457061,0.808179487,0.42334982
lgbm,"('conform', 'no_reduction', 'hydro')","('mat', 'protvec')",10-folds cv,"(1, 2)",1398,0.743385491,0.658116638,0.596703297,0.617265403,0.808168498,0.434524904
lgbm,"('no_reduction',)","('tfeat', 'protvec')",10-folds cv,"(1, 3)",60,0.748933144,0.660851501,0.625824176,0.634407688,0.808108974,0.452101827
lgbm,"('no_reduction',)","('counts', 'mat', 'protvec')",10-folds cv,"(1,)",470,0.761948791,0.681901432,0.63956044,0.658643173,0.808052198,0.477958828
lgbm,"('conform', 'no_reduction')","('mat', 'tfeat')",10-folds cv,"(2, 3)",918,0.735846373,0.663552004,0.545604396,0.590154286,0.807927656,0.409569441
lgbm,"('conform', 'hydro')","('counts', 'mat')",10-folds cv,"(1, 3)",160,0.722190612,0.613208502,0.606043956,0.602269865,0.807779304,0.396849676
lgbm,"('conform', 'no_reduction')","('counts', 'tfeat')",10-folds cv,"(2, 3)",47,0.733214794,0.629065934,0.611538462,0.615141791,0.80767674,0.416540471
lgbm,"('conform', 'hydro')","('mat',)",10-folds cv,"(3,)",74,0.727596017,0.627985438,0.610989011,0.607467063,0.807641941,0.41101596
lgbm,"('conform', 'no_reduction')","('tfeat', 'protvec')",10-folds cv,"(1, 2)",170,0.741038407,0.659058164,0.612087912,0.627031579,0.80754304,0.437071999
lgbm,"('conform', 'hydro')","('counts', 'mat')",10-folds cv,"(3,)",86,0.725248933,0.617044366,0.62032967,0.604578132,0.80727381,0.408534522
lgbm,"('no_reduction', 'hydro')","('counts', 'tfeat')",10-folds cv,"(1, 2, 3)",55,0.733214794,0.634868881,0.619230769,0.620981573,0.807096154,0.421268572
lgbm,"('no_reduction',)","('counts', 'tfeat')",10-folds cv,"(1, 3)",30,0.73598862,0.632564103,0.635164835,0.62932733,0.807054029,0.429097106
lgbm,"('conform', 'no_reduction', 'hydro')","('counts', 'tfeat', 'protvec')",10-folds cv,"(1, 2)",512,0.73826458,0.651789216,0.604395604,0.611716433,0.806682234,0.429494895
lgbm,"('conform', 'hydro')","('mat', 'tfeat')",10-folds cv,"(1, 2)",168,0.735490754,0.652967621,0.589010989,0.610217978,0.80606685,0.421220029
lgbm,"('no_reduction',)","('counts', 'tfeat')",10-folds cv,"(1, 2, 3)",35,0.73598862,0.626035525,0.627472527,0.620424635,0.80595696,0.424358147
lgbm,"('no_reduction', 'hydro')","('tfeat', 'protvec')",10-folds cv,"(2, 3)",370,0.754196302,0.665194218,0.612637363,0.627184187,0.805714286,0.456091828
lgbm,"('conform', 'no_reduction')","('counts', 'tfeat')",10-folds cv,"(1,)",37,0.735704125,0.638722944,0.633516484,0.628231278,0.805638278,0.430683042
lgbm,"('conform', 'no_reduction')","('counts', 'tfeat')",10-folds cv,"(2,)",37,0.727809388,0.620768815,0.611538462,0.611918456,0.805587912,0.406142806
lgbm,"('conform', 'no_reduction')","('mat', 'tfeat')",10-folds cv,"(2,)",459,0.748933144,0.671288711,0.606043956,0.628109259,0.805206044,0.448971355
lgbm,"('no_reduction', 'hydro')","('mat', 'tfeat')",10-folds cv,"(3,)",435,0.743385491,0.653511489,0.603846154,0.62367214,0.805157509,0.434344586
lgbm,"('conform', 'hydro')","('counts', 'mat')",10-folds cv,"(1,)",86,0.719487909,0.613666889,0.598351648,0.601113701,0.805078755,0.390552228
lgbm,"('conform', 'no_reduction', 'hydro')","('counts', 'tfeat')",10-folds cv,"(1, 2, 3)",77,0.717140825,0.590432616,0.632967033,0.602876686,0.804955128,0.393174241
lgbm,"('conform', 'no_reduction', 'hydro')","('mat', 'tfeat')",10-folds cv,"(2,)",489,0.759815078,0.692292707,0.599450549,0.633015183,0.804202381,0.467007681
lgbm,"('conform', 'no_reduction', 'hydro')","('protvec',)",10-folds cv,"(1,)",450,0.740967283,0.651749533,0.590659341,0.604866138,0.803901099,0.428786262
lgbm,"('conform', 'no_reduction', 'hydro')","('tfeat', 'protvec')",10-folds cv,"(2,)",465,0.719772404,0.626283847,0.539010989,0.570487332,0.803701465,0.375365749
lgbm,"('conform', 'no_reduction')","('mat', 'protvec')",10-folds cv,"(3,)",599,0.733072546,0.642852564,0.604945055,0.615216622,0.803428571,0.419186313
lgbm,"('no_reduction',)","('counts', 'tfeat')",10-folds cv,"(2, 3)",30,0.722617354,0.609943244,0.612087912,0.603143738,0.803064103,0.39843393
lgbm,"('conform', 'hydro')","('mat',)",10-folds cv,"(1,)",74,0.735135135,0.635975691,0.565934066,0.586756967,0.803028388,0.405439759
lgbm,"('no_reduction',)","('tfeat', 'protvec')",10-folds cv,"(1, 2)",60,0.759459459,0.681222666,0.61978022,0.644234474,0.80247619,0.469147151
lgbm,"('conform', 'no_reduction', 'hydro')","('tfeat', 'protvec')",10-folds cv,"(2, 3)",480,0.751635846,0.665758547,0.612637363,0.626462051,0.802326007,0.45352333
lgbm,"('conform', 'no_reduction', 'hydro')","('counts', 'tfeat')",10-folds cv,"(1, 2)",62,0.727596017,0.615243041,0.626373626,0.614776227,0.802289377,0.410178313
lgbm,"('conform', 'no_reduction')","('tfeat', 'protvec')",10-folds cv,"(3,)",160,0.730512091,0.647229013,0.58956044,0.611392549,0.802214286,0.41261403
lgbm,"('conform', 'no_reduction')","('tfeat', 'protvec')",10-folds cv,"(1, 2, 3)",180,0.730440967,0.65265904,0.574725275,0.598853535,0.802094322,0.410147364
lgbm,"('no_reduction',)","('mat',)",10-folds cv,"(3,)",400,0.738051209,0.660055174,0.587912088,0.612024556,0.801924908,0.425784418
lgbm,"('conform', 'no_reduction', 'hydro')","('mat', 'tfeat')",10-folds cv,"(2, 3)",978,0.751493599,0.681421389,0.589010989,0.623511865,0.800664835,0.449615572
lgbm,"('no_reduction',)","('counts', 'tfeat')",10-folds cv,"(3,)",25,0.725035562,0.61196307,0.634065934,0.614903878,0.800582418,0.41073226
lgbm,"('no_reduction',)","('tfeat', 'protvec')",10-folds cv,"(2,)",55,0.746088193,0.667482517,0.590659341,0.62078936,0.799946886,0.438897663
lgbm,"('no_reduction',)","('tfeat', 'protvec')",10-folds cv,"(1,)",55,0.748790896,0.661639504,0.626373626,0.638075781,0.799771978,0.451960943
lgbm,"('no_reduction', 'hydro')","('tfeat', 'protvec')",10-folds cv,"(2,)",360,0.735561878,0.639163614,0.582417582,0.601119809,0.798730769,0.413303416
lgbm,"('conform', 'hydro')","('mat',)",10-folds cv,"(1, 2)",148,0.716785206,0.613131868,0.612087912,0.606770817,0.796685897,0.392449074
lgbm,"('conform', 'no_reduction')","('mat',)",10-folds cv,"(3,)",449,0.740896159,0.638408952,0.618681319,0.622906063,0.796534799,0.431556507
lgbm,"('conform', 'no_reduction', 'hydro')","('mat', 'tfeat')",10-folds cv,"(3,)",489,0.72745377,0.632215285,0.581868132,0.602610206,0.796518315,0.40027535
lgbm,"('conform', 'hydro')","('counts', 'mat', 'protvec')",10-folds cv,"(1, 3)",560,0.722403983,0.631507373,0.553296703,0.581995002,0.796392857,0.385276043
lgbm,"('conform', 'hydro')","('counts', 'mat', 'protvec')",10-folds cv,"(1,)",486,0.725106686,0.632752525,0.554395604,0.585922116,0.796384615,0.388955035
lgbm,"('hydro',)","('counts', 'mat')",10-folds cv,"(1, 3)",55,0.716571835,0.607636024,0.586263736,0.589192547,0.795145604,0.379319679
lgbm,"('conform', 'no_reduction')","('counts', 'tfeat')",10-folds cv,"(1, 3)",47,0.73598862,0.646472971,0.598351648,0.61724393,0.794760073,0.420950765
lgbm,"('conform', 'hydro')","('counts', 'mat', 'tfeat')",10-folds cv,"(3,)",96,0.727667141,0.637725469,0.591758242,0.601687258,0.794522894,0.407558883
lgbm,"('hydro',)","('tfeat', 'protvec')",10-folds cv,"(1, 2)",310,0.714438122,0.616890887,0.525824176,0.557193499,0.794266484,0.361130891
lgbm,"('conform', 'hydro')","('counts', 'mat', 'tfeat')",10-folds cv,"(1, 2, 3)",264,0.724964438,0.634101307,0.575824176,0.592982394,0.793879121,0.398284496
lgbm,"('no_reduction', 'hydro')","('counts', 'tfeat')",10-folds cv,"(2, 3)",45,0.709174964,0.597046973,0.588461538,0.588188371,0.793775641,0.367616804
lgbm,"('hydro',)","('mat', 'tfeat', 'protvec')",10-folds cv,"(1,)",330,0.730440967,0.653571429,0.531868132,0.576570499,0.792135531,0.395976088
lgbm,"('hydro',)","('tfeat', 'protvec')",10-folds cv,"(1, 2, 3)",315,0.701422475,0.580443576,0.525824176,0.542194827,0.791503663,0.332572584
lgbm,"('conform', 'hydro')","('counts', 'mat', 'protvec')",10-folds cv,"(1, 2)",560,0.724964438,0.62964604,0.582967033,0.600819067,0.791443223,0.397122106
lgbm,"('hydro',)","('mat', 'tfeat', 'protvec')",10-folds cv,"(2, 3)",360,0.733214794,0.637843855,0.584615385,0.60242994,0.791301282,0.410897491
lgbm,"('conform', 'hydro')","('counts', 'mat', 'protvec')",10-folds cv,"(1, 2, 3)",634,0.725035562,0.638436041,0.539010989,0.575553509,0.790295788,0.386427586
lgbm,"('conform', 'hydro')","('mat', 'tfeat', 'protvec')",10-folds cv,"(1, 2)",568,0.717283073,0.628649537,0.518681319,0.559039511,0.789961538,0.367074231
lgbm,"('conform', 'hydro')","('counts', 'mat')",10-folds cv,"(1, 2)",160,0.716714083,0.607212395,0.618681319,0.608746519,0.789261905,0.391341014
lgbm,"('hydro',)","('mat',)",10-folds cv,"(1, 3)",50,0.719487909,0.613873626,0.587362637,0.589646092,0.789008242,0.387004772
lgbm,"('conform', 'hydro')","('mat', 'tfeat')",10-folds cv,"(1, 2, 3)",252,0.714295875,0.610145965,0.582417582,0.589369383,0.788483516,0.377521644
lgbm,"('conform', 'hydro')","('mat', 'tfeat', 'protvec')",10-folds cv,"(1, 3)",568,0.735348506,0.660892857,0.545604396,0.589388858,0.788027473,0.409001146
lgbm,"('conform', 'hydro')","('mat', 'protvec')",10-folds cv,"(1, 3)",548,0.740896159,0.647689394,0.590659341,0.611628004,0.787625458,0.425538205
lgbm,"('conform', 'hydro')","('mat', 'tfeat', 'protvec')",10-folds cv,"(1,)",484,0.719772404,0.626523607,0.575274725,0.591905803,0.787502747,0.388046713
lgbm,"('conform', 'hydro')","('mat', 'protvec')",10-folds cv,"(1,)",474,0.71458037,0.62520202,0.547252747,0.574169596,0.787432234,0.372365293
lgbm,"('conform', 'hydro')","('mat',)",10-folds cv,"(1, 2, 3)",222,0.714509246,0.602192317,0.582967033,0.587105025,0.787185897,0.37487257
lgbm,"('conform', 'no_reduction', 'hydro')","('counts', 'tfeat')",10-folds cv,"(2,)",47,0.714509246,0.595619463,0.634065934,0.608937452,0.786808608,0.390921418
lgbm,"('hydro',)","('mat', 'tfeat', 'protvec')",10-folds cv,"(3,)",330,0.735704125,0.657934565,0.582967033,0.60987639,0.786575092,0.420329474
lgbm,"('hydro',)","('tfeat', 'protvec')",10-folds cv,"(2, 3)",310,0.719772404,0.625836516,0.54010989,0.573848905,0.7858837,0.375251838
lgbm,"('conform', 'hydro')","('counts', 'tfeat', 'protvec')",10-folds cv,"(1,)",422,0.724964438,0.630882173,0.576373626,0.593751882,0.785815934,0.396671476
lgbm,"('hydro',)","('counts', 'mat', 'tfeat')",10-folds cv,"(1, 2, 3)",95,0.735348506,0.641655844,0.587912088,0.60770808,0.785478938,0.414730335
lgbm,"('conform', 'hydro')","('counts', 'mat', 'tfeat', 'protvec')",10-folds cv,"(1, 2)",580,0.706401138,0.613199761,0.537912088,0.562396253,0.785364469,0.355007365
lgbm,"('conform', 'hydro')","('counts', 'mat', 'tfeat', 'protvec')",10-folds cv,"(1, 3)",580,0.725106686,0.638760684,0.561538462,0.587945442,0.785160256,0.394638443
lgbm,"('conform', 'hydro')","('counts', 'mat', 'tfeat', 'protvec')",10-folds cv,"(1,)",496,0.706472262,0.605261259,0.532417582,0.557961224,0.784806777,0.350590657
lgbm,"('conform', 'hydro')","('tfeat', 'protvec')",10-folds cv,"(3,)",410,0.71970128,0.619594017,0.546153846,0.572175801,0.784741758,0.375135258
lgbm,"('conform', 'hydro')","('counts', 'mat', 'protvec')",10-folds cv,"(2,)",486,0.716998578,0.622903926,0.560989011,0.582611306,0.784459707,0.37854643
lgbm,"('conform', 'hydro')","('counts', 'tfeat', 'protvec')",10-folds cv,"(2, 3)",432,0.717211949,0.619862915,0.561538462,0.5814473,0.78443956,0.378099729
lgbm,"('conform', 'hydro')","('counts', 'tfeat', 'protvec')",10-folds cv,"(1, 2, 3)",442,0.722332859,0.62875674,0.56978022,0.587727351,0.784250916,0.391279043
lgbm,"('conform', 'hydro')","('mat', 'protvec')",10-folds cv,"(1, 2, 3)",622,0.738477952,0.661390415,0.569230769,0.605530901,0.784011905,0.420275911
lgbm,"('conform', 'hydro')","('counts', 'mat', 'tfeat', 'protvec')",10-folds cv,"(1, 2, 3)",664,0.69601707,0.588894194,0.525274725,0.545981262,0.783645604,0.32903359
lgbm,"('conform', 'hydro')","('counts', 'mat')",10-folds cv,"(2, 3)",160,0.679871977,0.553022664,0.539010989,0.536529535,0.78353663,0.302365004
lgbm,"('conform', 'hydro')","('counts', 'mat', 'protvec')",10-folds cv,"(3,)",486,0.722475107,0.629823787,0.546703297,0.578924761,0.78350641,0.382005459
lgbm,"('conform', 'hydro')","('mat', 'tfeat')",10-folds cv,"(3,)",84,0.706472262,0.589909943,0.560989011,0.567955034,0.78325641,0.353199467
lgbm,"('conform', 'hydro')","('counts', 'tfeat', 'protvec')",10-folds cv,"(1, 2)",432,0.711664296,0.605959121,0.56043956,0.573250008,0.783068681,0.366593963
lgbm,"('conform', 'hydro')","('mat', 'tfeat')",10-folds cv,"(1,)",84,0.703556188,0.582789922,0.581318681,0.577267881,0.783057692,0.354474246
lgbm,"('conform', 'hydro')","('mat', 'protvec')",10-folds cv,"(1, 2)",548,0.722403983,0.631060606,0.539010989,0.577517834,0.782797619,0.379456593
lgbm,"('hydro',)","('counts', 'mat')",10-folds cv,"(3,)",30,0.722119488,0.616286997,0.595054945,0.598851964,0.782630037,0.392742097
lgbm,"('conform', 'hydro')","('tfeat', 'protvec')",10-folds cv,"(1,)",410,0.740967283,0.655781375,0.59010989,0.614004654,0.7821337,0.428431794
lgbm,"('conform', 'hydro')","('counts', 'mat', 'tfeat', 'protvec')",10-folds cv,"(2, 3)",580,0.714366999,0.613588111,0.546703297,0.572432075,0.782111722,0.366681094
lgbm,"('conform', 'hydro')","('tfeat', 'protvec')",10-folds cv,"(1, 3)",420,0.717211949,0.627426046,0.553296703,0.581594995,0.782067766,0.376913186
lgbm,"('conform', 'hydro')","('counts', 'mat', 'tfeat')",10-folds cv,"(1, 2)",180,0.71401138,0.613864191,0.565934066,0.580093986,0.781858059,0.373226003
lgbm,"('conform', 'hydro')","('counts', 'mat', 'tfeat')",10-folds cv,"(1,)",96,0.714153627,0.59883888,0.611538462,0.598237622,0.781678571,0.38439827
lgbm,"('hydro',)","('mat', 'protvec')",10-folds cv,"(3,)",325,0.740825036,0.674372294,0.551648352,0.596311654,0.781257326,0.42151655
lgbm,"('hydro',)","('counts', 'mat', 'tfeat')",10-folds cv,"(3,)",35,0.724893314,0.604251892,0.63956044,0.616257108,0.78117033,0.408028521
lgbm,"('conform', 'hydro')","('mat', 'tfeat', 'protvec')",10-folds cv,"(2,)",484,0.746514936,0.663965479,0.599450549,0.623412666,0.780977106,0.441886913
lgbm,"('hydro',)","('tfeat', 'protvec')",10-folds cv,"(1,)",305,0.703840683,0.615937208,0.502747253,0.542353693,0.780803114,0.340773823
lgbm,"('hydro',)","('mat', 'tfeat', 'protvec')",10-folds cv,"(1, 2, 3)",390,0.714224751,0.620543207,0.524725275,0.561400701,0.780774725,0.361529541
lgbm,"('hydro',)","('counts', 'mat', 'tfeat', 'protvec')",10-folds cv,"(1, 3)",365,0.719630156,0.624410173,0.539010989,0.572559393,0.780443223,0.373622595
lgbm,"('hydro',)","('counts', 'mat', 'protvec')",10-folds cv,"(1, 2, 3)",380,0.704054054,0.589653621,0.532417582,0.550981244,0.780303114,0.341332848
lgbm,"('hydro',)","('counts', 'mat', 'tfeat', 'protvec')",10-folds cv,"(1,)",335,0.714366999,0.617353333,0.545604396,0.575590946,0.78010348,0.366610931
lgbm,"('conform', 'hydro')","('tfeat', 'protvec')",10-folds cv,"(1, 2, 3)",430,0.714438122,0.614628003,0.54010989,0.565248457,0.779914835,0.365226405
lgbm,"('hydro',)","('mat', 'tfeat', 'protvec')",10-folds cv,"(1, 2)",360,0.709174964,0.612648136,0.54010989,0.56918199,0.779784799,0.35704215
lgbm,"('hydro',)","('counts', 'mat', 'tfeat', 'protvec')",10-folds cv,"(2, 3)",365,0.714438122,0.62221837,0.530769231,0.566448076,0.779639194,0.364159103
lgbm,"('hydro',)","('mat', 'protvec')",10-folds cv,"(2, 3)",350,0.71685633,0.61042744,0.568131868,0.581727773,0.779333333,0.375378977
lgbm,"('conform', 'hydro')","('counts', 'mat', 'protvec')",10-folds cv,"(2, 3)",560,0.701280228,0.58627331,0.547802198,0.560401902,0.779113553,0.341097802
lgbm,"('conform', 'hydro')","('counts', 'protvec')",10-folds cv,"(1,)",412,0.717140825,0.628821318,0.531868132,0.565294483,0.778914835,0.371075199
lgbm,"('conform', 'hydro')","('counts', 'tfeat', 'protvec')",10-folds cv,"(3,)",422,0.706614509,0.613615959,0.502197802,0.539089451,0.778884615,0.343189203
lgbm,"('conform', 'hydro')","('tfeat', 'protvec')",10-folds cv,"(2, 3)",420,0.711948791,0.614938003,0.546153846,0.56901563,0.778838828,0.364393399
lgbm,"('conform', 'hydro')","('mat', 'tfeat', 'protvec')",10-folds cv,"(3,)",484,0.717140825,0.618856209,0.561538462,0.582270772,0.778662088,0.377186404
lgbm,"('conform',)","('mat',)",10-folds cv,"(1, 2)",98,0.719416785,0.61215177,0.580769231,0.588729173,0.778587912,0.38407835
lgbm,"('conform', 'hydro')","('counts', 'mat', 'tfeat', 'protvec')",10-folds cv,"(3,)",496,0.709317212,0.598765809,0.577472527,0.577942599,0.778397436,0.368171933
lgbm,"('hydro',)","('mat', 'protvec')",10-folds cv,"(2,)",325,0.714224751,0.614557142,0.545604396,0.571565133,0.77821337,0.366212959
lgbm,"('hydro',)","('tfeat', 'protvec')",10-folds cv,"(1, 3)",310,0.712019915,0.603197219,0.532417582,0.557845046,0.778169414,0.355121787
lgbm,"('hydro',)","('protvec',)",10-folds cv,"(1,)",300,0.719772404,0.631153846,0.532417582,0.57045005,0.778010989,0.375183848
lgbm,"('hydro',)","('mat', 'tfeat', 'protvec')",10-folds cv,"(1, 3)",360,0.716998578,0.620046326,0.54010989,0.567195847,0.777978938,0.370588094
lgbm,"('hydro',)","('counts', 'tfeat', 'protvec')",10-folds cv,"(1, 2)",315,0.701209104,0.597698413,0.523626374,0.551780879,0.777731685,0.33704695
lgbm,"('hydro',)","('mat',)",10-folds cv,"(1, 2, 3)",75,0.727311522,0.636245511,0.602197802,0.611100152,0.777514652,0.408780593
lgbm,"('hydro',)","('counts', 'mat', 'protvec')",10-folds cv,"(3,)",330,0.725106686,0.634205378,0.561538462,0.59181792,0.777474359,0.3911586
lgbm,"('conform', 'hydro')","('counts', 'tfeat', 'protvec')",10-folds cv,"(1, 3)",432,0.727738265,0.637014652,0.584065934,0.601558224,0.777470696,0.403910889
lgbm,"('hydro',)","('counts', 'tfeat', 'protvec')",10-folds cv,"(1, 2, 3)",320,0.688051209,0.572508741,0.502197802,0.531497337,0.77718956,0.304125058
lgbm,"('hydro',)","('mat', 'protvec')",10-folds cv,"(1, 2)",350,0.722403983,0.626814468,0.562087912,0.5870512,0.776634615,0.386027135
lgbm,"('conform', 'hydro')","('mat', 'protvec')",10-folds cv,"(3,)",474,0.704054054,0.593904838,0.555494505,0.565014291,0.776521978,0.351811106
lgbm,"('conform',)","('mat', 'protvec')",10-folds cv,"(1,)",149,0.703627312,0.595411255,0.538461538,0.56100207,0.77642674,0.344138731
lgbm,"('conform', 'hydro')","('mat', 'protvec')",10-folds cv,"(2,)",474,0.709388336,0.607767265,0.525824176,0.556077197,0.776343407,0.351904479
lgbm,"('conform', 'hydro')","('mat', 'tfeat', 'protvec')",10-folds cv,"(1, 2, 3)",652,0.738193457,0.656691919,0.561538462,0.598232371,0.776125458,0.415834495
lgbm,"('conform', 'hydro')","('counts', 'mat', 'tfeat', 'protvec')",10-folds cv,"(2,)",496,0.701280228,0.596254294,0.531318681,0.553403086,0.776119963,0.340538763
lgbm,"('hydro',)","('counts', 'mat', 'tfeat', 'protvec')",10-folds cv,"(1, 2, 3)",395,0.71173542,0.611807212,0.537912088,0.567343968,0.776018315,0.359019119
lgbm,"('hydro',)","('counts', 'tfeat', 'protvec')",10-folds cv,"(1, 3)",315,0.682859175,0.55741675,0.487912088,0.516654128,0.775752747,0.287442405
lgbm,"('conform',)","('mat', 'protvec')",10-folds cv,"(1, 2)",198,0.709032717,0.589186402,0.553846154,0.56554469,0.775284799,0.353789764
lgbm,"('conform',)","('counts', 'mat', 'tfeat', 'protvec')",10-folds cv,"(2,)",161,0.70341394,0.596325472,0.523626374,0.552298774,0.775094322,0.339479904
lgbm,"('hydro',)","('counts', 'mat', 'tfeat', 'protvec')",10-folds cv,"(2,)",335,0.711806543,0.607926828,0.546153846,0.569999895,0.773980769,0.36055826
lgbm,"('hydro',)","('counts', 'mat', 'tfeat', 'protvec')",10-folds cv,"(1, 2)",365,0.711806543,0.615202575,0.524725275,0.562611686,0.773973443,0.355948938
lgbm,"('conform',)","('mat', 'tfeat', 'protvec')",10-folds cv,"(1, 3)",208,0.708890469,0.607268842,0.524175824,0.558314364,0.773888278,0.34974776
lgbm,"('conform', 'hydro')","('tfeat', 'protvec')",10-folds cv,"(2,)",410,0.701493599,0.582576313,0.511538462,0.538126085,0.773855311,0.327490931
lgbm,"('hydro',)","('counts', 'protvec')",10-folds cv,"(1,)",305,0.690540541,0.581305361,0.493956044,0.53188056,0.773802198,0.307386439
lgbm,"('hydro',)","('counts', 'mat', 'protvec')",10-folds cv,"(1, 2)",355,0.709032717,0.606359196,0.53956044,0.565050742,0.773789377,0.35478772
lgbm,"('conform', 'hydro')","('counts', 'tfeat', 'protvec')",10-folds cv,"(2,)",422,0.719843528,0.624380064,0.569230769,0.587867966,0.773308608,0.38540672
lgbm,"('hydro',)","('counts', 'mat', 'tfeat')",10-folds cv,"(1, 3)",65,0.724608819,0.608585614,0.615934066,0.608185708,0.772572344,0.399338177
lgbm,"('conform',)","('counts', 'tfeat', 'protvec')",10-folds cv,"(1, 2)",117,0.690042674,0.570750361,0.537362637,0.546408053,0.772423077,0.31894456
lgbm,"('conform',)","('counts', 'mat')",10-folds cv,"(2,)",56,0.722332859,0.617735043,0.588461538,0.597439375,0.772337912,0.391016961
lgbm,"('conform', 'hydro')","('counts', 'mat', 'tfeat')",10-folds cv,"(2, 3)",180,0.714224751,0.604303613,0.576373626,0.585385696,0.772279304,0.372950239
lgbm,"('conform',)","('counts', 'mat')",10-folds cv,"(1, 2)",105,0.698435277,0.573257101,0.596153846,0.578633032,0.77221978,0.349900809
lgbm,"('conform',)","('counts', 'mat', 'tfeat', 'protvec')",10-folds cv,"(2, 3)",215,0.70341394,0.588251748,0.538461538,0.558250712,0.772209707,0.341051615
lgbm,"('hydro',)","('counts', 'tfeat', 'protvec')",10-folds cv,"(2, 3)",315,0.71173542,0.606634477,0.552747253,0.574340698,0.772200549,0.361857436
lgbm,"('conform',)","('mat',)",10-folds cv,"(1, 3)",98,0.71685633,0.603746254,0.596703297,0.59459115,0.771653846,0.382931051
lgbm,"('hydro',)","('mat', 'protvec')",10-folds cv,"(1, 2, 3)",375,0.727596017,0.640719697,0.560989011,0.593564022,0.771644689,0.396554284
lgbm,"('conform', 'hydro')","('mat', 'protvec')",10-folds cv,"(2, 3)",548,0.727667141,0.631710373,0.568131868,0.594099789,0.771322344,0.395533903
lgbm,"('hydro',)","('counts', 'mat', 'protvec')",10-folds cv,"(2,)",330,0.698577525,0.590392794,0.530769231,0.553662151,0.771165751,0.333232272
lgbm,"('conform', 'hydro')","('mat',)",10-folds cv,"(2,)",74,0.727738265,0.638919414,0.582967033,0.601680954,0.771009158,0.403921784
lgbm,"('hydro',)","('counts', 'mat', 'protvec')",10-folds cv,"(2, 3)",355,0.709174964,0.606444528,0.517032967,0.55203358,0.770909341,0.347368803
lgbm,"('hydro',)","('mat', 'protvec')",10-folds cv,"(1, 3)",350,0.722261735,0.630498619,0.560989011,0.588799597,0.770782051,0.386599027
lgbm,"('hydro',)","('mat', 'protvec')",10-folds cv,"(1,)",325,0.712019915,0.604797555,0.534065934,0.558710438,0.770711538,0.356941478
lgbm,"('conform',)","('counts', 'mat', 'tfeat', 'protvec')",10-folds cv,"(1, 2)",215,0.706045519,0.596955128,0.539010989,0.558689934,0.770684982,0.348363805
lgbm,"('hydro',)","('tfeat', 'protvec')",10-folds cv,"(2,)",305,0.706472262,0.604734383,0.50989011,0.544662284,0.770468864,0.341470101
lgbm,"('hydro',)","('counts', 'mat', 'tfeat', 'protvec')",10-folds cv,"(3,)",335,0.724964438,0.631721057,0.546703297,0.581454138,0.770462454,0.385258734
lgbm,"('conform',)","('mat', 'protvec')",10-folds cv,"(1, 2, 3)",247,0.700782361,0.585362832,0.538461538,0.55584146,0.770296703,0.337073355
lgbm,"('hydro',)","('tfeat', 'protvec')",10-folds cv,"(3,)",305,0.698364154,0.598888889,0.493956044,0.535060777,0.770262821,0.323978188
lgbm,"('conform', 'hydro')","('protvec',)",10-folds cv,"(1,)",400,0.706543385,0.606315906,0.488461538,0.530549303,0.76992033,0.335248063
lgbm,"('conform',)","('counts', 'mat')",10-folds cv,"(2, 3)",105,0.709174964,0.607575758,0.532417582,0.56020132,0.769664835,0.353536008
lgbm,"('conform',)","('counts', 'mat', 'tfeat', 'protvec')",10-folds cv,"(1, 3)",215,0.708748222,0.591958434,0.566483516,0.574145693,0.76964011,0.358564387
lgbm,"('conform', 'no_reduction')","('mat', 'tfeat')",10-folds cv,"(3,)",459,0.735704125,0.646764902,0.582967033,0.607247336,0.769021978,0.416098607
lgbm,"('conform',)","('counts', 'mat', 'protvec')",10-folds cv,"(1, 2)",205,0.713940256,0.606467356,0.568681319,0.578351873,0.768605311,0.371816923
lgbm,"('hydro',)","('mat', 'tfeat')",10-folds cv,"(1, 2, 3)",90,0.695590327,0.580395299,0.536263736,0.549749137,0.768517399,0.326957883
lgbm,"('hydro',)","('mat', 'tfeat', 'protvec')",10-folds cv,"(2,)",330,0.717069701,0.619726107,0.53956044,0.571337199,0.768065934,0.369198018
lgbm,"('hydro',)","('counts', 'mat')",10-folds cv,"(1, 2, 3)",80,0.695590327,0.583346597,0.581318681,0.571107306,0.767938645,0.346541011
lgbm,"('hydro',)","('mat', 'tfeat')",10-folds cv,"(1, 3)",60,0.711450925,0.605585893,0.558791209,0.574493393,0.767745421,0.363334631
lgbm,"('conform',)","('mat', 'protvec')",10-folds cv,"(1, 3)",198,0.706330014,0.588230519,0.537912088,0.557007073,0.767738095,0.344110028
lgbm,"('hydro',)","('mat',)",10-folds cv,"(3,)",25,0.695661451,0.586998133,0.55989011,0.564943969,0.767604396,0.339349506
lgbm,"('conform',)","('counts', 'mat')",10-folds cv,"(1, 2, 3)",154,0.690682788,0.573815482,0.561538462,0.560464729,0.767062271,0.329504822
lgbm,"('hydro',)","('counts', 'tfeat', 'protvec')",10-folds cv,"(1,)",310,0.693385491,0.578982684,0.50989011,0.538891372,0.767049451,0.315513661
lgbm,"('hydro',)","('counts', 'tfeat', 'protvec')",10-folds cv,"(3,)",310,0.68541963,0.560610223,0.502747253,0.527438005,0.766049451,0.296421267
lgbm,"('hydro',)","('counts', 'mat', 'protvec')",10-folds cv,"(1, 3)",355,0.69829303,0.597266067,0.515934066,0.548602768,0.765961538,0.330325802
lgbm,"('conform', 'hydro')","('mat', 'tfeat')",10-folds cv,"(2, 3)",168,0.722403983,0.631504884,0.562087912,0.587868455,0.765863553,0.387480823
lgbm,"('conform',)","('counts', 'mat', 'tfeat', 'protvec')",10-folds cv,"(1,)",161,0.711522048,0.601409701,0.539010989,0.563880377,0.765708791,0.355825213
lgbm,"('hydro',)","('counts', 'mat', 'protvec')",10-folds cv,"(1,)",330,0.703911807,0.612438248,0.509340659,0.549128789,0.765691392,0.340696489
lgbm,"('hydro',)","('counts', 'tfeat', 'protvec')",10-folds cv,"(2,)",310,0.698435277,0.587713398,0.530769231,0.553417508,0.765562271,0.33203343
lgbm,"('conform', 'hydro')","('tfeat', 'protvec')",10-folds cv,"(1, 2)",420,0.698577525,0.585257962,0.546703297,0.557846566,0.765515568,0.33852153
lgbm,"('conform',)","('counts', 'tfeat', 'protvec')",10-folds cv,"(1, 3)",117,0.703485064,0.589397441,0.546703297,0.560783251,0.765462454,0.345255113
lgbm,"('conform',)","('tfeat', 'protvec')",10-folds cv,"(2, 3)",110,0.711593172,0.607509158,0.554395604,0.574771797,0.765356227,0.363317892
lgbm,"('conform',)","('mat', 'tfeat', 'protvec')",10-folds cv,"(1,)",154,0.690327169,0.572649573,0.508791209,0.535004141,0.765352564,0.309341201
lgbm,"('conform',)","('mat', 'protvec')",10-folds cv,"(2,)",149,0.695590327,0.587753668,0.531868132,0.550587003,0.764738095,0.330387707
lgbm,"('conform',)","('tfeat', 'protvec')",10-folds cv,"(1, 2, 3)",115,0.711379801,0.601170635,0.546153846,0.56817782,0.76456685,0.357675034
lgbm,"('conform',)","('mat', 'tfeat', 'protvec')",10-folds cv,"(1, 2)",208,0.700853485,0.581993007,0.554395604,0.56162716,0.764240842,0.34135811
lgbm,"('conform', 'hydro')","('counts', 'mat')",10-folds cv,"(2,)",86,0.716927454,0.621746391,0.596703297,0.601481285,0.763891941,0.389429164
lgbm,"('conform',)","('mat',)",10-folds cv,"(2,)",49,0.70113798,0.599111305,0.52967033,0.557292894,0.763334249,0.339014842
lgbm,"('conform',)","('counts', 'tfeat', 'protvec')",10-folds cv,"(3,)",112,0.730014225,0.633438228,0.569230769,0.594878024,0.763223443,0.399977692
lgbm,"('no_reduction',)","('mat', 'tfeat')",10-folds cv,"(3,)",405,0.719559033,0.631626984,0.523076923,0.565359962,0.76284707,0.371172739
lgbm,"('conform',)","('counts', 'mat', 'protvec')",10-folds cv,"(2, 3)",205,0.690256046,0.567518593,0.546153846,0.550970142,0.762699634,0.321073135
lgbm,"('conform', 'hydro')","('mat', 'tfeat')",10-folds cv,"(2,)",84,0.719559033,0.631632012,0.558791209,0.584224146,0.762610806,0.383267642
lgbm,"('conform',)","('counts', 'mat')",10-folds cv,"(1, 3)",105,0.716927454,0.611499378,0.590659341,0.590043876,0.762406593,0.385008508
lgbm,"('conform', 'hydro')","('mat', 'tfeat', 'protvec')",10-folds cv,"(2, 3)",568,0.712091038,0.616516955,0.531868132,0.560251692,0.761781136,0.359914306
lgbm,"('conform',)","('counts', 'mat', 'protvec')",10-folds cv,"(1, 2, 3)",254,0.695661451,0.573255495,0.53956044,0.549793693,0.761543956,0.327052058
lgbm,"('conform',)","('counts', 'mat', 'protvec')",10-folds cv,"(1,)",156,0.706045519,0.587744755,0.581868132,0.581149931,0.761509158,0.35882298
lgbm,"('conform',)","('counts', 'mat', 'protvec')",10-folds cv,"(2,)",156,0.711522048,0.606648213,0.545604396,0.570337481,0.76102381,0.360006291
lgbm,"('conform',)","('mat', 'tfeat', 'protvec')",10-folds cv,"(1, 2, 3)",262,0.719274538,0.622304362,0.552197802,0.581934597,0.760891026,0.376675136
lgbm,"('conform',)","('mat', 'protvec')",10-folds cv,"(3,)",149,0.690327169,0.567438248,0.531318681,0.545148909,0.760807692,0.31536075
lgbm,"('conform', 'hydro')","('counts', 'mat', 'tfeat')",10-folds cv,"(2,)",96,0.711450925,0.614812638,0.552747253,0.572614598,0.760494505,0.365817026
lgbm,"('conform',)","('tfeat', 'protvec')",10-folds cv,"(3,)",105,0.690469417,0.571507382,0.532417582,0.545931059,0.760425824,0.318356604
lgbm,"('conform', 'hydro')","('mat',)",10-folds cv,"(2, 3)",148,0.722261735,0.637821068,0.583516484,0.596028502,0.760115385,0.399006307
lgbm,"('conform',)","('counts', 'tfeat', 'protvec')",10-folds cv,"(2,)",112,0.687482219,0.561526807,0.56043956,0.557531388,0.759352564,0.319796789
lgbm,"('conform',)","('counts', 'mat', 'protvec')",10-folds cv,"(1, 3)",205,0.700853485,0.578331423,0.560989011,0.563845901,0.758880037,0.342945988
lgbm,"('conform',)","('mat', 'tfeat', 'protvec')",10-folds cv,"(2,)",154,0.687624467,0.565506993,0.537912088,0.548272803,0.758660256,0.313433929
lgbm,"('hydro',)","('counts', 'mat')",10-folds cv,"(2, 3)",55,0.677311522,0.549208145,0.565934066,0.553288377,0.758599817,0.305261167
lgbm,"('conform',)","('mat', 'tfeat')",10-folds cv,"(2,)",54,0.698577525,0.586161616,0.494505495,0.522394307,0.758013736,0.319870066
lgbm,"('conform',)","('mat', 'tfeat', 'protvec')",10-folds cv,"(2, 3)",208,0.687553343,0.564137701,0.537912088,0.544725906,0.757464286,0.313950526
lgbm,"('conform',)","('mat',)",10-folds cv,"(1,)",49,0.714224751,0.604330114,0.581318681,0.585930534,0.757358059,0.375785187
lgbm,"('conform',)","('counts', 'mat', 'tfeat')",10-folds cv,"(1, 3)",115,0.703698435,0.585330299,0.55989011,0.56011483,0.756322344,0.348878602
lgbm,"('conform',)","('counts', 'tfeat', 'protvec')",10-folds cv,"(2, 3)",117,0.700853485,0.585304557,0.54010989,0.55455765,0.756193223,0.338392168
lgbm,"('conform',)","('counts', 'mat', 'tfeat', 'protvec')",10-folds cv,"(1, 2, 3)",269,0.711450925,0.604285159,0.544505495,0.568954564,0.755625458,0.358259453
lgbm,"('conform',)","('counts', 'tfeat', 'protvec')",10-folds cv,"(1,)",112,0.687339972,0.569689428,0.523626374,0.541012617,0.755395604,0.310537786
lgbm,"('hydro',)","('mat', 'tfeat')",10-folds cv,"(2, 3)",60,0.692745377,0.570869825,0.536263736,0.547953747,0.754617216,0.320580087
lgbm,"('conform',)","('counts', 'mat', 'protvec')",10-folds cv,"(3,)",156,0.682361309,0.555308858,0.531318681,0.539188259,0.754279304,0.301591247
lgbm,"('hydro',)","('mat', 'tfeat')",10-folds cv,"(3,)",30,0.706401138,0.597787719,0.551648352,0.566028018,0.754010989,0.352687892
lgbm,"('hydro',)","('mat',)",10-folds cv,"(2, 3)",50,0.692887624,0.563696293,0.574175824,0.559501658,0.753912088,0.333620764
lgbm,"('conform',)","('mat', 'tfeat', 'protvec')",10-folds cv,"(3,)",154,0.700782361,0.588566434,0.553846154,0.56525452,0.753891026,0.344292697
lgbm,"('conform',)","('counts', 'tfeat', 'protvec')",10-folds cv,"(1, 2, 3)",122,0.698221906,0.576305916,0.547252747,0.550361946,0.753450549,0.336101602
lgbm,"('conform',)","('tfeat', 'protvec')",10-folds cv,"(1,)",105,0.687553343,0.571790293,0.517582418,0.53739239,0.753207875,0.309936081
lgbm,"('conform',)","('mat', 'protvec')",10-folds cv,"(2, 3)",198,0.692887624,0.576322044,0.545604396,0.555627686,0.75318315,0.326679588
lgbm,"('conform',)","('tfeat', 'protvec')",10-folds cv,"(1, 3)",110,0.676955903,0.554775641,0.501648352,0.521605818,0.752941392,0.285075715
lgbm,"('conform',)","('counts', 'mat')",10-folds cv,"(1,)",56,0.70625889,0.590380665,0.596703297,0.587248027,0.751897436,0.36623643
lgbm,"('conform',)","('counts', 'mat', 'tfeat')",10-folds cv,"(2,)",61,0.67745377,0.549104833,0.51043956,0.524031359,0.751456044,0.286166688
lgbm,"('conform',)","('counts', 'mat', 'tfeat')",10-folds cv,"(1, 2, 3)",169,0.690611664,0.571050779,0.516483516,0.526636999,0.751137363,0.314219664
lgbm,"('conform',)","('counts', 'protvec')",10-folds cv,"(1,)",107,0.677240398,0.5496337,0.518131868,0.528212385,0.75077381,0.289770661
lgbm,"('conform', 'hydro')","('counts', 'tfeat')",10-folds cv,"(1,)",22,0.679943101,0.55705313,0.575824176,0.553785128,0.750741758,0.3179475
lgbm,"('conform',)","('tfeat', 'protvec')",10-folds cv,"(2,)",105,0.687624467,0.570288462,0.510989011,0.532505196,0.750470696,0.307094073
lgbm,"('hydro',)","('counts', 'mat', 'tfeat')",10-folds cv,"(2, 3)",65,0.674324324,0.544701867,0.521978022,0.527743627,0.748033883,0.284976972
lgbm,"('conform',)","('mat',)",10-folds cv,"(1, 2, 3)",147,0.695874822,0.573599153,0.552747253,0.55524531,0.748032051,0.332784371
lgbm,"('conform',)","('counts', 'mat', 'tfeat', 'protvec')",10-folds cv,"(3,)",161,0.692958748,0.575769231,0.523076923,0.544711561,0.74714011,0.318510748
lgbm,"('conform',)","('protvec',)",10-folds cv,"(1,)",100,0.700711238,0.594471026,0.531868132,0.552286126,0.747123626,0.340204188
lgbm,"('conform',)","('counts', 'mat', 'tfeat')",10-folds cv,"(1, 2)",115,0.709103841,0.585509425,0.568681319,0.569388759,0.746590659,0.358475673
lgbm,"('conform',)","('mat', 'tfeat')",10-folds cv,"(1, 2)",108,0.73029872,0.640837218,0.568131868,0.591087524,0.745978022,0.403611349
lgbm,"('conform',)","('mat',)",10-folds cv,"(2, 3)",98,0.703627312,0.596863831,0.560989011,0.571739813,0.745448718,0.352819373
lgbm,"('conform',)","('tfeat', 'protvec')",10-folds cv,"(1, 2)",110,0.655832148,0.525221298,0.487912088,0.499258778,0.745266484,0.244927245
lgbm,"('conform',)","('counts', 'mat', 'tfeat')",10-folds cv,"(2, 3)",115,0.685277383,0.566565657,0.489010989,0.519679885,0.743052198,0.295088491
lgbm,"('conform',)","('mat', 'tfeat')",10-folds cv,"(1, 3)",108,0.701351351,0.573383275,0.553296703,0.552636542,0.743046703,0.339052263
lgbm,"('hydro',)","('counts', 'mat', 'tfeat')",10-folds cv,"(1, 2)",65,0.690398293,0.584056673,0.56043956,0.560880786,0.741820513,0.33276002
lgbm,"('conform', 'hydro')","('counts', 'tfeat')",10-folds cv,"(1, 2, 3)",42,0.682716927,0.569128883,0.531868132,0.539341057,0.74118956,0.307592613
lgbm,"('conform', 'hydro')","('counts', 'tfeat')",10-folds cv,"(1, 2)",32,0.664224751,0.535342411,0.565934066,0.544853469,0.739865385,0.286034088
lgbm,"('conform',)","('mat', 'tfeat')",10-folds cv,"(1,)",54,0.708890469,0.59521201,0.573626374,0.577931112,0.739217033,0.363157329
lgbm,"('conform',)","('mat', 'tfeat')",10-folds cv,"(1, 2, 3)",162,0.695874822,0.571523819,0.523626374,0.537300453,0.738805861,0.321633243
lgbm,"('conform', 'hydro')","('counts',)",10-folds cv,"(1,)",12,0.700995733,0.591043124,0.551098901,0.564232804,0.738641941,0.343318173
lgbm,"('hydro',)","('counts',)",10-folds cv,"(1,)",5,0.685064011,0.559413038,0.514285714,0.530761346,0.737645604,0.300253175
lgbm,"('hydro',)","('mat', 'tfeat')",10-folds cv,"(1,)",30,0.695519203,0.571192092,0.567032967,0.559668382,0.737565934,0.337049186
lgbm,"('conform',)","('mat',)",10-folds cv,"(3,)",49,0.674466572,0.552990196,0.560989011,0.541845188,0.737191392,0.305885118
lgbm,"('conform',)","('mat', 'tfeat')",10-folds cv,"(3,)",54,0.700853485,0.590598739,0.553846154,0.555030531,0.734826923,0.347496499
lgbm,"('conform', 'hydro')","('counts', 'tfeat')",10-folds cv,"(1, 3)",32,0.65625889,0.517690263,0.509340659,0.504827248,0.734104396,0.250798722
lgbm,"('conform',)","('mat', 'tfeat')",10-folds cv,"(2, 3)",108,0.695945946,0.586715229,0.503296703,0.535889944,0.733908425,0.31993452
lgbm,"('conform', 'no_reduction', 'hydro')","('tfeat',)",10-folds cv,"(2, 3)",30,0.688122333,0.578608059,0.487362637,0.518188349,0.731935897,0.302222519
lgbm,"('conform',)","('counts', 'mat')",10-folds cv,"(3,)",56,0.679800853,0.552224294,0.537912088,0.536180573,0.730696886,0.300917994
lgbm,"('hydro',)","('mat',)",10-folds cv,"(1,)",25,0.682219061,0.542094711,0.536813187,0.531369981,0.730691392,0.298764638
lgbm,"('hydro',)","('mat', 'tfeat')",10-folds cv,"(1, 2)",60,0.687624467,0.571459129,0.521978022,0.534416485,0.73003022,0.310529024
lgbm,"('hydro',)","('counts', 'mat')",10-folds cv,"(2,)",30,0.669274538,0.553136447,0.508241758,0.522741879,0.729824176,0.277152462
lgbm,"('conform', 'hydro')","('counts', 'tfeat')",10-folds cv,"(3,)",22,0.661379801,0.528562315,0.538461538,0.528458444,0.729009158,0.270118673
lgbm,"('hydro',)","('counts', 'mat')",10-folds cv,"(1, 2)",55,0.668990043,0.534594017,0.557692308,0.542991561,0.727852564,0.286453477
lgbm,"('conform', 'hydro')","('counts', 'tfeat')",10-folds cv,"(2, 3)",32,0.650711238,0.519494256,0.500549451,0.506012705,0.726304029,0.239538414
lgbm,"('hydro',)","('counts', 'mat')",10-folds cv,"(1,)",30,0.684921764,0.566293005,0.567032967,0.555779733,0.725704212,0.322766495
lgbm,"('conform',)","('counts', 'mat', 'tfeat')",10-folds cv,"(1,)",61,0.672119488,0.533052503,0.575274725,0.547550873,0.724817766,0.298571711
lgbm,"('conform',)","('counts', 'mat', 'tfeat')",10-folds cv,"(3,)",61,0.674253201,0.532981697,0.507692308,0.507208658,0.723400183,0.276714844
lgbm,"('conform', 'hydro')","('counts', 'tfeat')",10-folds cv,"(2,)",22,0.674466572,0.55602809,0.530769231,0.538454876,0.722195055,0.291964041
lgbm,"('hydro',)","('counts', 'tfeat')",10-folds cv,"(1,)",10,0.669345661,0.54862541,0.485164835,0.504128852,0.720148352,0.267912002
lgbm,"('hydro',)","('mat',)",10-folds cv,"(2,)",25,0.642816501,0.501194965,0.501098901,0.495756495,0.718132784,0.224540481
lgbm,"('hydro',)","('counts', 'tfeat')",10-folds cv,"(1, 2)",15,0.663655761,0.545177274,0.504395604,0.516066817,0.717898352,0.266148802
lgbm,"('hydro',)","('counts', 'mat', 'tfeat')",10-folds cv,"(1,)",35,0.658392603,0.533852708,0.508241758,0.509825361,0.712434982,0.258629535
lgbm,"('hydro',)","('mat',)",10-folds cv,"(1, 2)",50,0.623826458,0.483488032,0.506593407,0.488725516,0.710301282,0.197442081
lgbm,"('hydro',)","('counts', 'mat', 'tfeat')",10-folds cv,"(2,)",35,0.640184922,0.523274094,0.464285714,0.483546591,0.709532051,0.217462018
lgbm,"('conform', 'no_reduction', 'hydro')","('tfeat',)",10-folds cv,"(2,)",15,0.66685633,0.54748779,0.441208791,0.477697162,0.706083791,0.249199041
lgbm,"('hydro',)","('counts', 'tfeat')",10-folds cv,"(2, 3)",15,0.653200569,0.504107143,0.497802198,0.497657081,0.704876374,0.235310581
lgbm,"('hydro',)","('mat', 'tfeat')",10-folds cv,"(2,)",30,0.668918919,0.549884005,0.492307692,0.51024531,0.704672161,0.270684448
lgbm,"('hydro',)","('counts', 'tfeat')",10-folds cv,"(3,)",10,0.650853485,0.516943933,0.471978022,0.487075534,0.702686813,0.231115667
lgbm,"('hydro',)","('counts', 'tfeat')",10-folds cv,"(1, 2, 3)",20,0.640256046,0.508556999,0.434615385,0.461033498,0.699148352,0.201279053
lgbm,"('conform', 'no_reduction', 'hydro')","('tfeat',)",10-folds cv,"(1, 2, 3)",45,0.659174964,0.53835373,0.435164835,0.470034495,0.697217033,0.234915941
lgbm,"('hydro',)","('counts', 'tfeat')",10-folds cv,"(1, 3)",15,0.629587482,0.491916892,0.442857143,0.457031674,0.692961538,0.185555593
lgbm,"('conform', 'no_reduction')","('tfeat',)",10-folds cv,"(2, 3)",20,0.66970128,0.541309524,0.471978022,0.495375302,0.692119048,0.261250285
lgbm,"('conform', 'no_reduction', 'hydro')","('tfeat',)",10-folds cv,"(1, 3)",30,0.664651494,0.543030303,0.467032967,0.495389786,0.69203663,0.254114332
lgbm,"('conform',)","('counts', 'tfeat')",10-folds cv,"(3,)",12,0.656045519,0.524455128,0.500549451,0.508820022,0.689717033,0.247647846
lgbm,"('conform', 'no_reduction')","('tfeat',)",10-folds cv,"(2,)",10,0.642958748,0.49987568,0.449450549,0.469421572,0.688723443,0.205614028
lgbm,"('hydro',)","('counts', 'tfeat')",10-folds cv,"(2,)",10,0.645519203,0.504835165,0.46978022,0.483569024,0.68857967,0.217209353
lgbm,"('conform',)","('counts', 'tfeat')",10-folds cv,"(2,)",12,0.642887624,0.508927461,0.451648352,0.474724512,0.687543956,0.210259196
lgbm,"('conform', 'no_reduction')","('tfeat',)",10-folds cv,"(1, 2, 3)",30,0.672617354,0.536991342,0.480769231,0.493196379,0.685804945,0.265768235
lgbm,"('conform',)","('counts',)",10-folds cv,"(1,)",7,0.663798009,0.531892454,0.508241758,0.514399246,0.685043956,0.262854211
lgbm,"('no_reduction', 'hydro')","('tfeat',)",10-folds cv,"(1, 2, 3)",30,0.656756757,0.534255467,0.450549451,0.481857688,0.682477106,0.235231022
lgbm,"('conform', 'no_reduction', 'hydro')","('tfeat',)",10-folds cv,"(1, 2)",30,0.664509246,0.537065157,0.442857143,0.483099683,0.681361722,0.242819569
lgbm,"('conform', 'no_reduction', 'hydro')","('tfeat',)",10-folds cv,"(1,)",15,0.643314367,0.508937451,0.458791209,0.475774176,0.681075092,0.213756677
lgbm,"('conform',)","('counts', 'tfeat')",10-folds cv,"(1, 2, 3)",22,0.642745377,0.501346154,0.449450549,0.463297338,0.679076923,0.206542161
lgbm,"('conform',)","('counts', 'tfeat')",10-folds cv,"(1, 3)",17,0.632219061,0.48738086,0.447802198,0.4587007,0.675239011,0.188373948
lgbm,"('conform', 'no_reduction')","('tfeat',)",10-folds cv,"(1, 3)",20,0.653911807,0.493966589,0.43021978,0.456445404,0.671365385,0.211094784
lgbm,"('conform', 'no_reduction')","('tfeat',)",10-folds cv,"(1, 2)",20,0.645732575,0.471459096,0.451648352,0.458488193,0.667050366,0.200350079
lgbm,"('conform', 'hydro')","('tfeat',)",10-folds cv,"(1, 2, 3)",30,0.635348506,0.498457049,0.412637363,0.442514174,0.666413004,0.184528812
lgbm,"('no_reduction', 'hydro')","('tfeat',)",10-folds cv,"(2, 3)",20,0.656330014,0.53973027,0.44010989,0.470944901,0.666248168,0.231684248
lgbm,"('no_reduction', 'hydro')","('tfeat',)",10-folds cv,"(1, 2)",20,0.656187767,0.523314137,0.424725275,0.456795268,0.663474359,0.221413096
lgbm,"('conform',)","('counts', 'tfeat')",10-folds cv,"(1,)",12,0.624253201,0.462408041,0.471428571,0.460375409,0.662129121,0.178318726
lgbm,"('conform',)","('counts', 'tfeat')",10-folds cv,"(2, 3)",17,0.624395448,0.469017094,0.42032967,0.439364603,0.661557692,0.162213756
lgbm,"('conform', 'hydro')","('tfeat',)",10-folds cv,"(1, 2)",20,0.629302987,0.478479298,0.395604396,0.431550084,0.660592491,0.162836988
lgbm,"('conform', 'hydro')","('tfeat',)",10-folds cv,"(2, 3)",20,0.637908962,0.500013043,0.414835165,0.448947791,0.657916667,0.188524472
lgbm,"('conform', 'hydro')","('tfeat',)",10-folds cv,"(1, 3)",20,0.627382646,0.488195899,0.434615385,0.450750883,0.655336996,0.177636485
lgbm,"('conform',)","('counts', 'tfeat')",10-folds cv,"(1, 2)",17,0.62972973,0.470108364,0.480769231,0.46885134,0.650260989,0.190514211
lgbm,"('conform', 'no_reduction')","('tfeat',)",10-folds cv,"(3,)",10,0.640611664,0.50232684,0.457142857,0.471800949,0.644346154,0.207111064
lgbm,"('conform', 'no_reduction', 'hydro')","('tfeat',)",10-folds cv,"(3,)",15,0.629871977,0.497513369,0.442307692,0.45997663,0.644270147,0.18799961
lgbm,"('no_reduction',)","('tfeat',)",10-folds cv,"(1, 2)",10,0.645803698,0.516818182,0.428571429,0.456714174,0.643888278,0.208958584
lgbm,"('conform', 'hydro')","('tfeat',)",10-folds cv,"(1,)",10,0.616571835,0.466073795,0.403846154,0.423255189,0.637751832,0.146878046
lgbm,"('no_reduction', 'hydro')","('tfeat',)",10-folds cv,"(2,)",10,0.645590327,0.510888001,0.433516484,0.461448837,0.635592949,0.207949237
lgbm,"('no_reduction',)","('tfeat',)",10-folds cv,"(1, 2, 3)",15,0.622332859,0.486848984,0.376923077,0.418047644,0.633950549,0.152075927
lgbm,"('conform', 'no_reduction')","('tfeat',)",10-folds cv,"(1,)",10,0.616998578,0.455858586,0.385164835,0.41081171,0.630562271,0.137410418
lgbm,"('hydro',)","('tfeat',)",10-folds cv,"(2,)",5,0.605974395,0.438744589,0.351648352,0.388845892,0.628136905,0.105344334
lgbm,"('conform',)","('tfeat',)",10-folds cv,"(1, 3)",10,0.643314367,0.523412698,0.426373626,0.461978712,0.626489927,0.207104135
lgbm,"('no_reduction', 'hydro')","('tfeat',)",10-folds cv,"(1, 3)",20,0.648506401,0.530159791,0.429120879,0.464253476,0.625049451,0.217730638
lgbm,"('no_reduction',)","('tfeat',)",10-folds cv,"(2,)",5,0.624822191,0.471414884,0.398901099,0.420880614,0.623527015,0.157516611
lgbm,"('hydro',)","('tfeat',)",10-folds cv,"(2, 3)",10,0.629658606,0.480113636,0.396153846,0.428888889,0.623121795,0.1641018
lgbm,"('hydro',)","('tfeat',)",10-folds cv,"(1, 2)",10,0.619274538,0.460596764,0.376373626,0.402770131,0.619619048,0.139296514
lgbm,"('no_reduction', 'hydro')","('tfeat',)",10-folds cv,"(1,)",10,0.624822191,0.47489899,0.406593407,0.433954752,0.617221612,0.161003911
lgbm,"('no_reduction',)","('tfeat',)",10-folds cv,"(1, 3)",10,0.632503556,0.484027778,0.407692308,0.435301715,0.617210623,0.174724075
lgbm,"('hydro',)","('tfeat',)",10-folds cv,"(1, 2, 3)",15,0.603058321,0.441250971,0.419230769,0.42589929,0.611152015,0.126556294
lgbm,"('conform', 'hydro')","('tfeat',)",10-folds cv,"(2,)",10,0.605974395,0.449177489,0.352747253,0.390578368,0.608771978,0.109350183
lgbm,"('conform',)","('tfeat',)",10-folds cv,"(1, 2, 3)",15,0.648506401,0.501243435,0.427472527,0.454234896,0.603746795,0.205659247
lgbm,"('conform',)","('tfeat',)",10-folds cv,"(3,)",5,0.616571835,0.470572344,0.414835165,0.435360195,0.596587454,0.152219596
lgbm,"('no_reduction', 'hydro')","('tfeat',)",10-folds cv,"(3,)",10,0.61401138,0.456914899,0.413736264,0.421827587,0.594699634,0.144846108
lgbm,"('no_reduction',)","('tfeat',)",10-folds cv,"(2, 3)",10,0.603911807,0.431466866,0.385164835,0.404137973,0.594236264,0.112305634
lgbm,"('conform', 'hydro')","('tfeat',)",10-folds cv,"(3,)",10,0.585064011,0.421268315,0.383516484,0.395217745,0.588262821,0.085587179
lgbm,"('no_reduction',)","('tfeat',)",10-folds cv,"(1,)",5,0.624964438,0.477703963,0.393956044,0.423102939,0.584741758,0.157744884
lgbm,"('hydro',)","('tfeat',)",10-folds cv,"(1,)",5,0.584566145,0.404606782,0.323076923,0.351830528,0.574800366,0.0585333
lgbm,"('conform',)","('tfeat',)",10-folds cv,"(2, 3)",10,0.624537696,0.453146168,0.371428571,0.400855929,0.573370879,0.14068761
lgbm,"('hydro',)","('tfeat',)",10-folds cv,"(3,)",5,0.618918919,0.475363525,0.360989011,0.405894156,0.562956044,0.138299716
lgbm,"('no_reduction',)","('tfeat',)",10-folds cv,"(3,)",5,0.595305832,0.441574814,0.324175824,0.367393013,0.560065476,0.085857943
lgbm,"('conform',)","('tfeat',)",10-folds cv,"(1,)",5,0.558677098,0.38593254,0.345054945,0.354999793,0.557358974,0.027525355
lgbm,"('conform',)","('tfeat',)",10-folds cv,"(2,)",5,0.592674253,0.38525641,0.295054945,0.328916666,0.555492216,0.050814987
lgbm,"('conform',)","('tfeat',)",10-folds cv,"(1, 2)",10,0.579516358,0.388763736,0.332967033,0.354160437,0.545992216,0.049432121
lgbm,"('hydro',)","('tfeat',)",10-folds cv,"(1, 3)",10,0.57140825,0.394396218,0.33956044,0.357099306,0.536695055,0.044946643
